"","baseMean","log2FoldChange","lfcSE","stat","pvalue","padj","Symbol"
"1",1245.3421407419,-8.26900666344443,1.5249301128847,-5.42254795388754,5.87554450474995e-08,2.91564989501489e-05,"POSTN"
"2",19.187267733301,-5.43258106753299,1.27949752219279,-4.24587072136153,2.17746158286376e-05,0.00288559023512425,"CTAG2"
"3",15.0599623192353,-5.23713529490525,1.52299234562671,-3.4387141274503,0.000584484093403652,0.0295351265460259,"RNF39"
"4",39.3893584548909,-5.15724138812187,1.58352251509691,-3.25681595238086,0.0011266946135805,0.0451572615326603,"IER3"
"5",21.2891211779624,-4.71886667068608,1.13885908614679,-4.14350355376436,3.42039768052059e-05,0.00410512257467763,"ZNRD1"
"6",70.4749213257325,-4.68860822521436,1.01506826334353,-4.61900779930856,3.85579365809319e-06,0.000758557838942189,"CSF3"
"7",71.0573889722466,-4.57274191166272,0.674387190129314,-6.78058833054925,1.19687472932823e-11,2.80990208273386e-08,"THRSP"
"8",4.13559219529481,-4.54137708806452,1.4135826541964,-3.21267177025898,0.00131506484723124,0.049692641648743,"GAGE12J"
"9",5.32375297156109,-4.45392192391309,1.2981440865754,-3.43099195996253,0.000601378424496823,0.030042158310662,"GAGE13"
"10",60.4762376729774,-4.31284605402051,0.796311506042605,-5.41602880442338,6.09372883890528e-08,2.91564989501489e-05,"ADRA2A"
"11",1502.68379307218,-4.11440109871267,0.894370629747847,-4.60033118470433,4.21819752884326e-06,0.000821386361662408,"PGR"
"12",843.47140856152,-4.0390866634471,1.0697091555939,-3.7758736964391,0.000159447776130232,0.0123483659055905,"SCGB2A2"
"13",702.309124480117,-3.98995577656265,0.776441131845445,-5.13877435508771,2.76536221946443e-07,9.09851848862753e-05,"OLFML3"
"14",48.2537933340928,-3.92791297763707,0.802779438109421,-4.89289185942214,9.93650104573156e-07,0.000249497696652231,"MGAM"
"15",193.065863852583,-3.91716439012255,0.932520484957514,-4.20062020439263,2.66184796799445e-05,0.00336397647504889,"CRABP1"
"16",14.9775482473678,-3.90606667891974,0.956321740664283,-4.08446918315011,4.41776886246376e-05,0.00493007504107578,"C1orf110"
"17",113.040061666065,-3.83031521075115,0.772363523763132,-4.95921297796273,7.07793372353457e-07,0.000192954584637443,"BRINP3"
"18",772.931291909259,-3.77654417851439,1.06348244379273,-3.55111097560386,0.000383608630552869,0.02243287186742,"COL3A1"
"19",345.382420227381,-3.76557827370629,0.692405588574184,-5.43839959677455,5.37612916741565e-08,2.84979646949425e-05,"SULF1"
"20",2.81437391953495,-3.75281630412958,1.05864527500286,-3.54492330220756,0.000392727344280102,0.0228488289966378,"CT45A3"
"21",372.483424347452,-3.73519154608244,0.788281576394895,-4.73839762076499,2.15414813860544e-06,0.000471454977865419,"COL1A2"
"22",27.5631665841845,-3.61933549019896,0.759808330131982,-4.7634848772588,1.90277877146205e-06,0.000437478642118196,"TPTE"
"23",804.603866460442,-3.58932136647486,0.939523706268836,-3.82036274606552,0.000133255544749707,0.0110561546106898,"CXCL12"
"24",14.2262594790853,-3.45107587893201,0.736982010991877,-4.68271386202132,2.83101571818146e-06,0.000574726307979327,"ZNF676"
"25",537.836840648042,-3.34908334043104,0.86361754704583,-3.87797046492076,0.000105331500902248,0.00933667639243415,"GRIK3"
"26",16.6938490215408,-3.32744691209976,0.956686392373192,-3.47809578836547,0.000504989431073294,0.0269181936122114,"INSM1"
"27",1108.96809115217,-3.29981256016473,0.886210244443271,-3.72350983398721,0.000196472204463852,0.014310225487724,"MUCL1"
"28",10.83675818775,-3.29159001015298,1.01557171515366,-3.2411202094723,0.00119060965602728,0.0465971446382459,"TMEM26"
"29",88.0332473545175,-3.21690768735974,0.5285513213524,-6.08627309667615,1.15569247735382e-09,1.47027196968954e-06,"DIO1"
"30",22.6133647679987,-3.20146480029446,0.713780050605863,-4.48522594260939,7.28367105754377e-06,0.00124102048920632,"CYP4F22"
"31",1388.48325453619,-3.19336185450822,0.633666707932495,-5.03949760107709,4.66755479544333e-07,0.000139173356502258,"PDZK1"
"32",531.566159204744,-3.16964358189386,0.670544816880929,-4.72696753758772,2.27897681934463e-06,0.00048321905159504,"SCUBE2"
"33",6.54561518375082,-3.01137508635221,0.795670981809479,-3.78469889589774,0.000153894788917004,0.0121354308136495,"VCX"
"34",37.6487411147868,-2.84433666712814,0.711922988843027,-3.99528700674575,6.46159266181532e-05,0.00642221733153238,"HMGCLL1"
"35",19.2617632616595,-2.81530593734371,0.868488006511732,-3.24161751945354,0.00118853418895393,0.0465971446382459,"ABCC12"
"36",70.0814986825732,-2.64443578152612,0.588781893342222,-4.49136736613107,7.07673653595445e-06,0.0012166248947353,"PCDHB3"
"37",389.34204678547,-2.64284428351885,0.721985568202215,-3.66052231500926,0.000251701630651867,0.0168534112902792,"NPY1R"
"38",110.080591076336,-2.59213230743914,0.699046492021797,-3.70809715379892,0.000208822542614895,0.0148692558982091,"KCNH1"
"39",11.2032287841034,-2.5772968530265,0.647145996151311,-3.98255860092488,6.8177306905667e-05,0.00663789565143287,"RP13-147D17.3"
"40",70.06820641235,-2.53242741758117,0.613946912795382,-4.12483125951508,3.7100666022843e-05,0.00423947311205936,"STXBP5L"
"41",41.2181068103016,-2.47729162414675,0.759783793305493,-3.26052180366881,0.00111207416696856,0.0448674680964892,"PCDHA6"
"42",61.0492721180834,-2.45539215912694,0.696413143281048,-3.5257694126201,0.000422254446541017,0.0240533779204245,"CXCL14"
"43",38.8703402276171,-2.39802542763937,0.625042676400963,-3.83657871402855,0.000124760220500468,0.0104881025894732,"AMPH"
"44",23.6131947554353,-2.34123587547281,0.723673759455449,-3.23520902185889,0.00121553710235799,0.0473389684169337,"LBP"
"45",1882.89200060567,-2.33888349729144,0.677122019772864,-3.4541536517687,0.000552022766967249,0.0284435633038119,"HSPB8"
"46",109.9643379658,-2.3385846169592,0.532497220263699,-4.39173112641059,1.12451709695577e-05,0.0017734842777857,"PCDHGA10"
"47",6.10605368938286,-2.27632623278111,0.617103581258189,-3.68872633689792,0.000225379477891207,0.015870540873055,"ZNF728"
"48",104.959191727031,-2.23117165671809,0.597378076564371,-3.73494064186279,0.000187759468028539,0.0137666056841587,"NEURL1"
"49",123.960323353289,-2.17414104811706,0.674609689767387,-3.22281325201055,0.0012693828314022,0.048563535882769,"SOWAHA"
"50",386.429222190186,-2.15421586949541,0.561926567042718,-3.83362523831632,0.000126268467439955,0.0105683384392836,"PCDHA10"
"51",13.9798426241745,-2.14978703594752,0.538709623098858,-3.99062304397152,6.5899949493535e-05,0.00651590018748772,"GAGE1"
"52",2911.06923697583,-2.13907027676167,0.657133317196727,-3.25515419897862,0.0011333081527417,0.0451572615326603,"SLC7A2"
"53",354.864591429861,-2.05575524606552,0.615327712407571,-3.34091120002063,0.000835039259705126,0.0377607919264287,"GLDC"
"54",526.910775528079,-2.0349670264132,0.630238474531009,-3.22888415837754,0.00124274223189355,0.0480065789700903,"SEMA3E"
"55",2.62400836001996,-2.01196893468952,0.54622350811761,-3.68341696171802,0.000230128272258722,0.016086219119096,"FRMD7"
"56",12.8554285404788,-1.99454967685256,0.491922854883714,-4.05459851489122,5.02204826006039e-05,0.00541444898004137,"ZPLD1"
"57",172.545520915321,-1.94667455911275,0.602361854441117,-3.23173611469623,0.00123040624787699,0.0478204530106651,"ANK1"
"58",1161.38975456774,-1.88737095122792,0.587950682225731,-3.21008378472007,0.0013269628755548,0.0497493763344053,"NPR3"
"59",104.326973921943,-1.8797083422368,0.542598506715894,-3.46427113044198,0.000531670343292449,0.0277512816938789,"OLR1"
"60",478.632494340452,-1.86990600028232,0.548473477001455,-3.40929156776228,0.000651318275356717,0.0317069047158986,"GHR"
"61",141.827946024743,-1.8657679461885,0.468226414784337,-3.98475585160624,6.75495414384392e-05,0.00662961456606067,"C15orf59"
"62",130.231295175218,-1.77999622006469,0.46930786120144,-3.79281142981039,0.000148951267238374,0.0118930419778657,"PCDHGA6"
"63",39.5200729445653,-1.76108325088638,0.543396307003966,-3.24088189078092,0.00119160543852979,0.0465971446382459,"PCDHGA2"
"64",24.3414159583643,-1.64020370250627,0.503885885492754,-3.25510943991278,0.00113348678269372,0.0451572615326603,"SLC25A48"
"65",21.4557329303093,-1.54354774266296,0.372399067802126,-4.14487542026589,3.39998503982274e-05,0.00410512257467763,"ZNF835"
"66",14950.2796059649,-1.48147386635028,0.446039292910496,-3.32139766584995,0.000895678212065513,0.0395653410204773,"SLC39A6"
"67",9.25167571352414,-1.453050695921,0.433635284338064,-3.35085900156638,0.000805613102338785,0.0373143563881821,"CNGB3"
"68",228.955520626227,-1.42730330856744,0.364572714639847,-3.91500310158273,9.04030457306077e-05,0.00837456952270479,"AVIL"
"69",3702.72147651551,-1.39912103438137,0.28823979737801,-4.8540175475717,1.20985023711962e-06,0.000295994513781458,"FRS2"
"70",100.583516260989,-1.37885653898092,0.411594976898644,-3.35003247457139,0.000808020865566128,0.0373352595099236,"JAM2"
"71",1035.89693476421,-1.3457387626471,0.368948361564169,-3.64749895335433,0.000264805389864843,0.0173652276796935,"KCNK6"
"72",85.6215728364174,-1.33636420102853,0.364481056665971,-3.6664846542443,0.000245907668730777,0.0166406242637922,"SEC14L5"
"73",36.2533527938613,-1.30665082049405,0.355121849837304,-3.67944360813812,0.000233743367426211,0.0162200897476159,"ZNF208"
"74",79.0972203063371,-1.26040606688532,0.380398029171879,-3.31338747897617,0.00092173186602341,0.0402503643005143,"GPR37L1"
"75",275.250249900434,-1.22423817912292,0.344800755588764,-3.55056698478653,0.000384402300510735,0.02243287186742,"TMEM106A"
"76",291.182488589734,-1.21829613284961,0.372221731400963,-3.27303870266844,0.00106397907647334,0.0439478630223824,"FAM46B"
"77",7936.24683649054,-1.18397719375484,0.352674995802499,-3.35713392740176,0.000787549549273593,0.0368353138450686,"SEMA3C"
"78",134.654512649461,-1.16644290633696,0.33395284551593,-3.49283715350562,0.000477917860955154,0.0260574472588777,"CLIP3"
"79",2246.99465972264,-1.1551865143536,0.331668032301659,-3.48296007407472,0.00049590231652816,0.0266571941022729,"ISOC1"
"80",5505.05761715631,-1.11535850891041,0.252295162970987,-4.42084777122215,9.83144186982466e-06,0.00160353337779371,"PIP4K2C"
"81",11794.1055716666,-1.08516971059547,0.246873923740266,-4.39564330713667,1.10445169462494e-05,0.0017652964934032,"OS9"
"82",6135.8336876768,-0.940084057018162,0.258232340488459,-3.64045826034007,0.000272153225867691,0.0175456081393012,"SQLE"
"83",11025.1067428944,-0.917225751300945,0.239453216437458,-3.83050085919606,0.000127882686796976,0.0106567044198546,"CTDSP2"
"84",413.856216319921,-0.890683216245014,0.244823347796642,-3.63806485068101,0.000274694266002196,0.0175905727453688,"XRCC6BP1"
"85",648.003418072158,-0.880559263264234,0.271643425377008,-3.24159976278507,0.00118860823682344,0.0465971446382459,"METTL21B"
"86",3866.59926306444,-0.85910763516791,0.200239755073214,-4.29039495605553,1.78355634569025e-05,0.00250261806947111,"NBPF19"
"87",6669.30116299911,-0.850615697059067,0.231401989171949,-3.67592214787314,0.000236991793110395,0.0162680373666391,"MDM2"
"88",807.514078749363,-0.830422317920189,0.206792111526667,-4.01573499003178,5.92608174908859e-05,0.00605916983331855,"METTL1"
"89",4806.69317248398,-0.824636009674546,0.236073331060973,-3.49313497618907,0.000477385146030486,0.0260574472588777,"IDI1"
"90",1706.52647643921,-0.814616962479509,0.21419910013409,-3.80308302868477,0.000142906433028557,0.0116318059852256,"TSFM"
"91",8150.55019026002,-0.740661193753981,0.218381150289304,-3.39159855497042,0.00069486167766944,0.0333504821405884,"MED13L"
"92",7622.57240083923,-0.728480136867902,0.192273114016879,-3.78877796093712,0.00015139014389482,0.0119874610620118,"REEP5"
"93",2826.18128313543,-0.639622707603225,0.179777098839778,-3.55786533285462,0.000373880897946403,0.0220890686548335,"PIAS3"
"94",4953.44143642489,-0.632394645933145,0.189722788603239,-3.33325611851326,0.000858358870637354,0.0387235516037178,"AP1B1"
"95",3592.36371017508,-0.630324399222032,0.172242320091951,-3.65952106825742,0.000252687068744884,0.0168602354295756,"MON2"
"96",2445.21596962137,-0.626323140918848,0.190212116629325,-3.29276153390056,0.000992085802952874,0.0419985491764148,"NBPF10"
"97",3037.84638977036,-0.593119499292216,0.177392489770231,-3.3435434615099,0.000827157363927492,0.0377528540841777,"DCP2"
"98",12285.1245105883,-0.575581284544213,0.138692403487218,-4.15005631218481,3.3239348965366e-05,0.00409229997616825,"CCT2"
"99",3864.49661988276,-0.553143526252375,0.159630200141683,-3.46515587753082,0.000529924232338752,0.0277512816938789,"SF3B4"
"100",1574.63911105987,-0.53348368124452,0.157960398913302,-3.37732548736679,0.000731943817842094,0.0346592652006965,"TFIP11"
"101",1900.34031066238,-0.531916030841059,0.16267764724059,-3.26975487944198,0.00107640715319403,0.0443651786272174,"LLPH"
"102",6168.87455021591,-0.404097467397675,0.121295957706236,-3.33149987055917,0.00086379340240146,0.0388768148538374,"ATP6V1A"
"103",537.039860793142,0.427614007262487,0.131579851440408,3.24984412568784,0.00115468279796956,0.0457153772482429,"LSM6"
"104",1078.14689109774,0.531432396107979,0.155427502966432,3.41916575873159,0.000628134494868738,0.031138237238407,"KIAA0753"
"105",722.336944713875,0.544293622372133,0.143468102072864,3.79383022782094,0.00014834111906149,0.0118930419778657,"GANC"
"106",2929.95563362091,0.618060951661541,0.172564076586602,3.58163161120829,0.000341455049438073,0.0203659917259593,"KLF3"
"107",1252.28213912917,0.624026433329823,0.189522624663858,3.29262236863072,0.000992576936465079,0.0419985491764148,"ARRB2"
"108",2065.62585485367,0.662561428540948,0.178339204322458,3.71517542123246,0.000203062771153319,0.0146228183468633,"TUBGCP3"
"109",1778.46401385274,0.77312255509948,0.235682381071394,3.28035787649856,0.00103675484945869,0.0432380838505163,"PSPH"
"110",2974.9882146813,0.775829125885775,0.240590510983543,3.22468713630541,0.00126110404752422,0.048563535882769,"CTAGE5"
"111",2645.80039947136,0.776885942934515,0.220780727751308,3.51881231141522,0.000433483262926657,0.0245464721259033,"H6PD"
"112",251.639634040953,0.781680359745753,0.233163407944483,3.3525001484447,0.000800851984877207,0.0373143563881821,"LPXN"
"113",1543.6586551002,0.840141155210071,0.245810277547322,3.41784388998271,0.000631192991632342,0.031157456811314,"TBC1D8"
"114",589.893429456711,0.91801178027437,0.267008862576711,3.43813224555656,0.000585741560291265,0.0295351265460259,"MAP3K14"
"115",1056.5691938968,0.93332578848419,0.280749844152867,3.32440358533556,0.000886078655277793,0.0395071004174442,"KLHL2"
"116",29.0469856679898,0.955643284192757,0.295840137707827,3.23026919740199,0.00123673712511697,0.0478841570518074,"SLC47A2"
"117",228.772468867792,0.977078332772187,0.296379504991685,3.29671355919027,0.000978232124790881,0.0417619768174147,"ENO3"
"118",44.9303019693842,0.978488312890546,0.267927632594528,3.65206195200983,0.000260143103583792,0.0172304387978751,"MYOM3"
"119",10.8975526203119,0.990196716564777,0.305466173438254,3.24159204084485,0.0011886404397581,0.0465971446382459,"NCF1"
"120",724.534085708458,1.04821574559553,0.276348179608311,3.7930980659299,0.000148779365221093,0.0118930419778657,"HDAC4"
"121",25.0474982879961,1.05082716390439,0.320760480077559,3.27604935511478,0.0010527016269486,0.0437662421504576,"BCL2L14"
"122",25.8712511123926,1.06086902078563,0.323426598132583,3.28009207316568,0.00103773213873796,0.0432380838505163,"PRSS36"
"123",23.0325673687188,1.06920538695439,0.324269646858586,3.29727249316267,0.000976287325815173,0.0417619768174147,"D4S234E"
"124",575.243429661398,1.10340925293802,0.306807110736388,3.59642659614261,0.000322618565986135,0.0196134762701354,"KIZ"
"125",17.3302818780445,1.11320200292559,0.337558933438491,3.29780045097943,0.000974453596523125,0.0417619768174147,"SLCO2B1"
"126",51.4331700279646,1.19677423839007,0.372997502865655,3.20853150274607,0.0013341469247114,0.049920638753466,"RCSD1"
"127",52.4647877907433,1.20489507536742,0.365593359978895,3.2957247238762,0.000981681546287666,0.0418156896156418,"C2orf88"
"128",23.8904829000898,1.2138640001828,0.355258157800724,3.41685046079561,0.00063350066775611,0.031157456811314,"XKR5"
"129",1343.12203034723,1.22190087095467,0.353931903016045,3.4523614868911,0.000555702704533112,0.0284435633038119,"DDX39B"
"130",2113.87854730137,1.24034376107832,0.385573487298684,3.2168803144846,0.00129592647930103,0.0492632769013974,"SLC26A2"
"131",692.833750644432,1.25295434924082,0.362940056200112,3.45223495681057,0.000555963376425187,0.0284435633038119,"AKNA"
"132",816.24111732631,1.27990974279013,0.388936751707509,3.29079146460464,0.000999059447468497,0.0421793173363746,"MYLK"
"133",5504.96507954664,1.28727693721367,0.319464688689938,4.02948113762599,5.59001008390229e-05,0.00582918920388566,"ERRFI1"
"134",89.5537932348186,1.31389197966552,0.351528341595053,3.7376558991055,0.000185743917804608,0.0136906890017848,"MTRNR2L12"
"135",13.8429839223466,1.31719320925525,0.351770454454327,3.74446799774161,0.000180776416068728,0.0134756107337482,"FAM107A"
"136",42.4506307411329,1.33141860899772,0.356543942489183,3.73423427054327,0.000188287170967114,0.0137666056841587,"CDH6"
"137",211.629564924515,1.33459265154086,0.41560398522723,3.21121235353692,0.00132176222250266,0.049692641648743,"FAM105A"
"138",43.9270328059582,1.34274369019661,0.368950844383133,3.63935659895727,0.000273320091125037,0.0175615060570339,"MYO3B"
"139",43.4620580082923,1.36700671644952,0.392249780834832,3.48504137730835,0.000492060944274289,0.0266005637382047,"KCNJ5"
"140",16.3663623894711,1.37310147003619,0.387477690656552,3.54369168379623,0.000394566370017231,0.0228860487508779,"MFAP5"
"141",45.5029489177636,1.38258355109257,0.375172473255717,3.68519454291148,0.0002285280145189,0.0160330886068535,"PIK3AP1"
"142",14.5676537216587,1.3918388239797,0.407646832840487,3.41432512619159,0.000639402249123936,0.0313668717738614,"SLC16A12"
"143",6506.81307392901,1.39779250861952,0.426912530769532,3.27418946007493,0.00105965538205804,0.0438642161731313,"DDIT4"
"144",8.67442707789911,1.39866238094912,0.417392230638714,3.35095451778971,0.000805335282737991,0.0373143563881821,"DNAH9"
"145",58.4386298122722,1.40474508752063,0.395441293388284,3.55234799958361,0.000381809538776283,0.0224186813183625,"CREG2"
"146",57.827516406466,1.40587078344075,0.426873934866979,3.29340976014111,0.000989801086211043,0.0419985491764148,"SLC14A1"
"147",2437.81176696566,1.43838587838559,0.363361819681586,3.95854985437395,7.54062025803207e-05,0.00730444956264091,"KLF5"
"148",563.755220638067,1.44196231907705,0.435747189766928,3.30917181553902,0.000935723951294827,0.0404907486679347,"CTH"
"149",524.245510518955,1.44564529854598,0.383259487948601,3.77197523871831,0.000161960331692156,0.0124624556841992,"GPR153"
"150",23.2609528578433,1.4459137157581,0.410625812271247,3.52124409267037,0.000429527033221809,0.0243948344493208,"TSPAN11"
"151",812.178698790008,1.46535545075732,0.440279885442476,3.32823619522081,0.000873977340776302,0.039150492004775,"ARG2"
"152",12.5046750407359,1.47783920393591,0.431030231327899,3.42862077071264,0.000606656556345548,0.0302267025189089,"TEPP"
"153",796.908599237648,1.48594879380768,0.413183879286601,3.59633777671408,0.000322728687775638,0.0196134762701354,"FOXO1"
"154",23.8229528979392,1.51411223059711,0.458645942903716,3.3012659416786,0.000962496039618656,0.0414612007314736,"ILDR2"
"155",311.371759222862,1.51671628353846,0.416165310990272,3.64450434354899,0.000267907611311573,0.0174107856208473,"MX2"
"156",8.44006104651203,1.55338399539046,0.482813700664521,3.2173569085808,0.00129377544707346,0.0492632769013974,"VWA7"
"157",18.6461474675395,1.55393172613063,0.448058994318412,3.46814090518253,0.000524072419544963,0.02762672370767,"SEC16B"
"158",47.6973222611432,1.55762461021202,0.382357191908527,4.07374215308249,4.62637006304394e-05,0.00507385171914181,"FILIP1"
"159",48.2977591815034,1.56148948326236,0.371172819284994,4.20690686960949,2.58889766804715e-05,0.00329359561328959,"ALDH1L1"
"160",105.723087987366,1.56260327605855,0.388768657373518,4.01936536400681,5.83551171753308e-05,0.00605212337530891,"GAREML"
"161",585.712420823211,1.5665077163478,0.433198629898002,3.6161418994253,0.000299026500207251,0.0184670637652265,"FMNL1"
"162",46.112769533051,1.57117734088768,0.471989924090318,3.32883661428973,0.000872095483203829,0.039150492004775,"BAIAP2L2"
"163",97.2477233316499,1.57928427034002,0.483956837099491,3.26327504701695,0.0011013257775853,0.0446344561527622,"HEY1"
"164",15.2389287264653,1.58396534286437,0.451366587055835,3.50926583466496,0.000449345541528924,0.02478283517051,"GPSM3"
"165",15.2389287264653,1.58396534286437,0.451366587055835,3.50926583466496,0.000449345541528924,0.02478283517051,"GPSM3"
"166",15.2389287264653,1.58396534286437,0.451366587055835,3.50926583466496,0.000449345541528924,0.02478283517051,"GPSM3"
"167",15.2389287264653,1.58396534286437,0.451366587055835,3.50926583466496,0.000449345541528924,0.02478283517051,"GPSM3"
"168",15.2389287264653,1.58396534286437,0.451366587055835,3.50926583466496,0.000449345541528924,0.02478283517051,"GPSM3"
"169",15.2389287264653,1.58396534286437,0.451366587055835,3.50926583466496,0.000449345541528924,0.02478283517051,"GPSM3"
"170",122.372108123582,1.58437842023988,0.441743830983985,3.58664526612783,0.000334959499395418,0.0201641392017753,"ZEB2"
"171",28.5592943857925,1.60959248418961,0.366270969551515,4.39454015741541,1.11007482685314e-05,0.0017652964934032,"KCNE3"
"172",78.2499537195548,1.62058453351538,0.487598798440601,3.32360239339843,0.000888627936688465,0.0395284077291981,"KCNK3"
"173",24.6860892296331,1.62600528008121,0.49887896903468,3.25931815331381,0.0011168035004345,0.0448674680964892,"TERT"
"174",102.509041268721,1.63086700241134,0.470000030833154,3.46992956472865,0.000520594865628862,0.0275958661688766,"ESRRG"
"175",12.960121471291,1.63164521039086,0.455376483281202,3.58306867020028,0.000339581289006389,0.0203659917259593,"MOV10L1"
"176",562.774800054399,1.63846305273806,0.490361490691067,3.34133712341271,0.000833759192102006,0.0377607919264287,"SMOX"
"177",310.511292493666,1.64028429099117,0.510699926369544,3.21183576949305,0.00131889747744333,0.049692641648743,"INPP1"
"178",2.97291176505311,1.64598529651769,0.501525662399776,3.28195627845189,0.00103089588172508,0.043141636208245,"KHDRBS2"
"179",49.4111896493296,1.67555410068724,0.365620649459835,4.58276660019802,4.58864118446382e-06,0.00086698059131805,"ACOXL"
"180",1822.81367398708,1.6759675710367,0.488253367850236,3.43257759473514,0.000597872772609773,0.029945422886384,"TSPAN1"
"181",16.1240761700979,1.70111290049292,0.511234528235861,3.32746089424558,0.000876412889891476,0.0391676514702553,"LTK"
"182",603.389559345436,1.70150427149166,0.469678697295974,3.62269841337818,0.000291545671935201,0.0183616041502952,"MFI2"
"183",118.293899055544,1.71020803720121,0.472916481053317,3.61630035263754,0.000298843608231591,0.0184670637652265,"RASSF6"
"184",128.608743685406,1.71403088737281,0.467843208229662,3.66368658820286,0.000248610960368942,0.0167050808335229,"DNM3"
"185",141.84011638154,1.72669090817009,0.459386924272714,3.75868536289692,0.000170808471916689,0.0128835496821588,"HHLA1"
"186",63.5642699644255,1.73490057567271,0.497161385548792,3.48961248017611,0.000483721441515887,0.0262987358075433,"SCN9A"
"187",43.4685830971505,1.75938784501538,0.40292931831394,4.36649249644465,1.26257623176496e-05,0.00192908291421959,"ICAM2"
"188",34.4922991984021,1.75944050719662,0.480913226921672,3.65854047820396,0.000253655682381732,0.0168658933341136,"PCDH11X"
"189",1370.11191396239,1.77739808810073,0.536645394420287,3.31205318555053,0.000926139370050117,0.0403504968006082,"SPRY4"
"190",11.8528052944313,1.77772226470546,0.53648278721626,3.31366132719716,0.00092082968428148,0.0402503643005143,"LRRC63"
"191",7.73907387759437,1.78802270934088,0.514032019607373,3.47842671494784,0.000504366329306634,0.0269181936122114,"MAEL"
"192",4542.14102298666,1.79401875598409,0.491994050828088,3.64642367720612,0.000265915410507337,0.0173783006120257,"SLC7A11"
"193",139.787334615442,1.80571161239,0.55298371659034,3.26539743977254,0.00109310582620537,0.0446344561527622,"COL6A3"
"194",41.6213498447809,1.80619457834789,0.423382047640354,4.26611045133918,1.98910332812239e-05,0.00272580829715175,"SRSF12"
"195",622.13372774245,1.81807169966829,0.547311203592098,3.32182438023554,0.000894309632029191,0.0395653410204773,"C1S"
"196",6.37244189156846,1.83522109642649,0.505670508800701,3.62928243685613,0.0002842101496352,0.0180185457989652,"SLITRK2"
"197",108.199544945289,1.84832776267335,0.460129661819044,4.0169715539883,5.89508368344189e-05,0.00605916983331855,"DUOX1"
"198",54.2100381966772,1.85601486656272,0.377392246980278,4.9179994592197,8.7433154045349e-07,0.000225471199817215,"FOXL2NB"
"199",58.5606816542854,1.87882193540676,0.463749234023258,4.05137474644871,5.09175809957719e-05,0.00542826926336488,"CCL5"
"200",58.5606816542854,1.87882193540676,0.463749234023258,4.05137474644871,5.09175809957719e-05,0.00542826926336488,"CCL5"
"201",8.60204569936192,1.88097988506639,0.519467681208834,3.62097576636382,0.000293494007675276,0.0184149375114214,"IL33"
"202",96.7856406256927,1.88894080860847,0.505393970188703,3.73756103165057,0.000185813994207529,0.0136906890017848,"KANSL1"
"203",99.7140064472908,1.89194923473051,0.534500545408454,3.5396581930234,0.000400645570966016,0.0231290760994398,"TMEM92"
"204",42.0156866909962,1.89887112371339,0.464646026815257,4.08670474754406,4.3754335869187e-05,0.00491155289053939,"CHGB"
"205",5.21767055408616,1.91468282202074,0.577563012078446,3.31510637277562,0.000916082576683482,0.0401875949674733,"CMKLR1"
"206",15.1766321180117,1.91634331731788,0.515126360812344,3.7201422080125,0.000199110633219483,0.0144323791113029,"F2RL2"
"207",86.9052040391179,1.92079239624912,0.474971933290555,4.0440124176224,5.25441344038216e-05,0.00557055398237849,"RARB"
"208",89.9371057968068,1.96219011605067,0.566898904452473,3.46126990304526,0.000537633497453064,0.0279554769261494,"SPOCK2"
"209",108.239877241332,1.96534590715657,0.605532704751833,3.24564782667193,0.0011718370644812,0.0462984817836332,"COLGALT2"
"210",148.161973064714,1.96575367926702,0.470291204324228,4.1798648607338,2.91682380762057e-05,0.00361882269177943,"GRAMD1B"
"211",33.8948036722479,1.96601239746618,0.508135624965338,3.86907018692164,0.000109251191817775,0.00956348850210367,"WNT5B"
"212",206.724193016482,1.96882647776382,0.461652884475819,4.26473340462134,2.0014102825769e-05,0.00272580829715175,"PRRC2A"
"213",450.346123810467,1.97370099674507,0.60083532189242,3.28492837359928,0.00102008300283974,0.0427829537212983,"STEAP2"
"214",77.3909387554506,1.99743002169871,0.587033461585531,3.40258290609842,0.000667520994084427,0.032330718604348,"HS3ST1"
"215",182.83121524,1.9975579158786,0.555432054895844,3.59640373340208,0.000322646908741142,0.0196134762701354,"TP63"
"216",89.0951856713743,2.00260368100332,0.496347718722488,4.03467892661554,5.46770116871748e-05,0.00573297480234262,"RAB42"
"217",37.8998353657495,2.00405725713016,0.614140335333506,3.26319106860465,0.00110165219556417,0.0446344561527622,"RCAN2"
"218",65.8213954242338,2.00972962562902,0.547615051996647,3.66996783288075,0.000242580992707568,0.0165124826762146,"CDH23"
"219",23.069194024495,2.01121152408962,0.601627781079065,3.34294988918622,0.000828928672707144,0.0377528540841777,"NPR1"
"220",54.9701343564699,2.0142102216358,0.599910538131472,3.35751765239767,0.0007864572153514,0.0368353138450686,"GPR1"
"221",21.5085285525619,2.01601615682483,0.581994688860052,3.4639768977507,0.000532252219250625,0.0277512816938789,"FCGR2A"
"222",674.559858716307,2.02218283480589,0.474320172282822,4.26332876603891,2.01403851542418e-05,0.00272580829715175,"COL27A1"
"223",1017.46441016861,2.02396593381852,0.38657948666532,5.23557509809298,1.64471932204697e-07,6.03580361973507e-05,"ID1"
"224",18.9659019022737,2.02420124745429,0.596880926690904,3.39129825889465,0.000695623544459747,0.0333504821405884,"COL8A2"
"225",15.0225659833014,2.04388533723845,0.544826974197906,3.75143932667332,0.000175822304308518,0.0131577138553704,"UCN2"
"226",17.4467591922035,2.04568937125761,0.592851310752769,3.45059432973188,0.0005593536552394,0.0285404967992874,"ANKRD65"
"227",202.5248288572,2.05207667632907,0.601845972802985,3.40963762999345,0.000650492470766784,0.0317069047158986,"ANGPTL4"
"228",7.6104199624803,2.05359443822038,0.488129264870865,4.20707092569764,2.58701966419893e-05,0.00329359561328959,"IL2RA"
"229",55.5081884311583,2.0540350900667,0.413167318136788,4.97143650986127,6.64586286977778e-07,0.000186504413447014,"CCBE1"
"230",34.8408105734451,2.05842068090022,0.472177954520324,4.3594171671808,1.30409303656577e-05,0.00197507995371306,"SCARF2"
"231",13.4579327031883,2.06997640422811,0.500219999447137,4.1381320349365,3.50144865124134e-05,0.00416390647633965,"CYGB"
"232",10.270452935799,2.08118907665798,0.59497446519246,3.49794688413186,0.000468854498934551,0.0257778703586462,"CRB2"
"233",298.867771938329,2.08367852714397,0.603104794693994,3.4549195189224,0.000550457109048615,0.0284435633038119,"ROR1"
"234",17.579899488713,2.09570217304215,0.500755790697897,4.18507825964708,2.85067871910965e-05,0.00357891460505062,"ATP1A2"
"235",20.9805766797738,2.09830693565554,0.434366582050542,4.83072828887971,1.36034540584704e-06,0.000328600903541507,"MIA2"
"236",9.47583997078038,2.09836366547807,0.52259478473984,4.01527861883024,5.93756096436917e-05,0.00605916983331855,"FRZB"
"237",4.7607853059889,2.10159794624351,0.627051284241098,3.35155672121302,0.00080358575307285,0.0373143563881821,"HNF1B"
"238",18.7098628369167,2.11925210850685,0.584182471207189,3.6277228656442,0.000285931932552144,0.0180676790360681,"IGSF10"
"239",68.3175063545507,2.11943353785413,0.609023157944212,3.48005410009101,0.000501312541373963,0.0268723236714588,"ATOH8"
"240",198.179897001031,2.12028387556723,0.649045112931697,3.2667742708824,0.00108780379048938,0.0445462655234094,"TLR2"
"241",37.4189680539656,2.12162786359494,0.625732076718592,3.39063305611723,0.000697313963951935,0.0333504821405884,"BCAN"
"242",56.0328099534828,2.12640569451308,0.521921658379064,4.07418558010616,4.61756504835865e-05,0.00507385171914181,"HNF4G"
"243",178.512812602158,2.13528751191033,0.543432755044261,3.92925802151255,8.52083724307005e-05,0.00801000675416284,"TNFRSF19"
"244",5.76129240870225,2.14124159976661,0.596145164322987,3.59181241065389,0.000328386202362885,0.0198309933534523,"PPP1R16B"
"245",145.954616013395,2.14461472363717,0.517533684305623,4.1439133116806,3.41428854244215e-05,0.00410512257467763,"CYP4F3"
"246",2.78192326431794,2.14485686293931,0.636027934715671,3.37226833267652,0.00074551775971842,0.0351297166823296,"GDF6"
"247",127.949612761968,2.15259086664851,0.650645095670589,3.30839482380165,0.000938324220774337,0.0405114052150151,"GJB5"
"248",518.983063418319,2.15326387130238,0.62445323049618,3.44823882101055,0.000564254883368751,0.028713802504869,"TMPRSS4"
"249",35.9828202616646,2.15531456331149,0.569639527971435,3.78364642458514,0.000154547333516512,0.0121367356604757,"SLC2A9"
"250",62.7343121502023,2.16517256608743,0.658961932734079,3.28573238988781,0.00101717597679495,0.0427549981611851,"GALNT5"
"251",429.602703071627,2.17328094188285,0.564059058373093,3.85293154967001,0.000116712025937639,0.00998751386084292,"MCTP1"
"252",113.537179618944,2.17636496671767,0.536688327605438,4.05517477234513,5.00968312615695e-05,0.00541444898004137,"SAMD5"
"253",22.1334821239906,2.18233442717119,0.638573653021996,3.41751404374965,0.000631958335933863,0.031157456811314,"EPHA3"
"254",5.14432336562212,2.18409945348352,0.677723461219678,3.22270008117007,0.00126988442097688,0.048563535882769,"FXYD7"
"255",35.7812537215581,2.18506646282313,0.671578006004296,3.25363017145793,0.00113940509345052,0.0452042981253975,"ARHGAP25"
"256",3524.91587032756,2.19537066260613,0.620282785072894,3.53930612849128,0.000401180327459759,0.0231290760994398,"S100A4"
"257",649.385531745406,2.21340574888493,0.525300974059742,4.21359536377558,2.51337394507823e-05,0.00326276972747809,"PDE4D"
"258",57.4709670924489,2.21895572879459,0.518436049321988,4.28009535929561,1.86813251769174e-05,0.00260215860110303,"FCGBP"
"259",3158.9659905512,2.21902109210983,0.493472250606523,4.4967494917545,6.90002031280977e-06,0.00120359027082938,"ABCC3"
"260",311.210073764503,2.22769183601489,0.583978877708591,3.8146787855682,0.000136360185659679,0.0112162130299296,"DCLK1"
"261",320.281681597284,2.24296681109084,0.56849733730791,3.94543063598555,7.96566893704218e-05,0.0076004430162788,"CREB5"
"262",3297.11983347687,2.24967643377887,0.691427419185164,3.25366968586533,0.00113924663215874,0.0452042981253975,"TGFBI"
"263",148.371872050303,2.25971863833018,0.531705512312518,4.24994397463008,2.13823990950159e-05,0.00285342882468663,"APOBEC3G"
"264",23.3363284365151,2.26174226219622,0.644026068941519,3.51187998633888,0.000444948879127248,0.02478283517051,"WNT10A"
"265",253.392156802412,2.26583401985228,0.595879560915501,3.80250333871342,0.000143241335561915,0.0116318059852256,"DYSF"
"266",163.021093143495,2.27219455002334,0.706768033134259,3.21490848977279,0.00130486112416004,0.0494947225943201,"PCOLCE2"
"267",17.2473491812404,2.28866887575523,0.506976397138387,4.51434995529092,6.35112684010886e-06,0.00113269676158689,"FLI1"
"268",10.1263104149427,2.29148360215976,0.628804977765819,3.64418807608924,0.000268237225411576,0.0174107856208473,"OFCC1"
"269",747.348870867901,2.29892359201362,0.60238616356508,3.81636188057173,0.000135433830723016,0.0111882415224559,"HAS3"
"270",142.516142391546,2.3033541604123,0.590192384485735,3.90271752221834,9.51186893985835e-05,0.0087266824509287,"PAPPA"
"271",737.338349965603,2.31173636842862,0.667291599688032,3.46435706595047,0.000531500508703378,0.0277512816938789,"KRT86"
"272",437.926093362964,2.31293879857063,0.714064408257241,3.23911788884091,0.00119900004273003,0.0467904249804034,"CD74"
"273",5.76872141570244,2.3200813461712,0.687991593692532,3.37225246273584,0.000745560721917073,0.0351297166823296,"LRRC9"
"274",12.8333967599981,2.33134332581563,0.492204890645482,4.73653019326624,2.1740836373818e-06,0.000471454977865419,"EMX2"
"275",168.620978207368,2.3361391600244,0.600639759959505,3.88941811008632,0.00010048486803169,0.00908792766184239,"SOX7"
"276",1360.78836229878,2.34180247456889,0.468388692880734,4.99969898967049,5.74198853482511e-07,0.000167791713160635,"DUSP6"
"277",163.388459012724,2.34211417046514,0.622239099232374,3.7640099655494,0.000167210215419636,0.012776312718137,"NGFR"
"278",18.1890548222648,2.35002213513945,0.643784581763576,3.65032372894335,0.000261909999460188,0.0172345811024096,"FER1L6"
"279",6.98675851654172,2.36807688408976,0.724714117700151,3.26760142551763,0.00108462994999721,0.0445462655234094,"CCND2"
"280",128.187391489005,2.37266656385295,0.641750742014116,3.69717774911549,0.000218009699068171,0.0154084410641404,"NCF2"
"281",154.573310673432,2.38741295400744,0.485013983247571,4.92235901740756,8.55071616951146e-07,0.000223525091318887,"SCGB3A2"
"282",26.2119809421266,2.39607744880793,0.65076457233318,3.68194205811988,0.000231464023029685,0.0161205399688886,"USP44"
"283",20.2098649098572,2.40116796666145,0.579298120210202,4.14496074282128,3.39871931526548e-05,0.00410512257467763,"CHRFAM7A"
"284",3.33126440852969,2.4054460286955,0.623072265612944,3.86062124965417,0.000113099100621038,0.0097219375547354,"FAM110D"
"285",913.932590644631,2.40701141297253,0.700329495205929,3.43696992551307,0.0005882609176373,0.0295415344507173,"CLMP"
"286",81.7326543264075,2.40948554541686,0.505115865992919,4.77016405073809,1.84075944230826e-06,0.000431553838428061,"TNFRSF1B"
"287",4.88695960233402,2.40954151828953,0.560902335406551,4.29583078227524,1.74040308218703e-05,0.00247851582219217,"FOXA3"
"288",205.378061975234,2.41296531249564,0.488875556179642,4.93574547140781,7.98451835419951e-07,0.000211623005212763,"CHST6"
"289",15.3505233043862,2.41574564032931,0.628957296034303,3.84087386466625,0.000122597101092768,0.0103978688006813,"LENG1"
"290",3.56191502708301,2.42258521343482,0.754469829673638,3.21097692466081,0.00132284556713103,0.049692641648743,"HOXD11"
"291",153.133436150971,2.42471583771336,0.631957938550235,3.83683104492027,0.000124632153561845,0.0104881025894732,"INHBE"
"292",93.6794216679844,2.42966949310528,0.738625942082788,3.28944510973181,0.0010038513443564,0.042288068883782,"SLC5A1"
"293",50.5762258972232,2.43303723250529,0.5369041409282,4.5316045212448,5.85373615173192e-06,0.00105383817908962,"PDE2A"
"294",261.243362461297,2.43537584774435,0.728139234757793,3.34465680668128,0.00082384444136215,0.0377012553345657,"LBH"
"295",17.6025725555379,2.44290185565711,0.719207698563894,3.39665698870448,0.000682144160176034,0.0329553341990867,"HLA-DMB"
"296",294.876206928769,2.45237395480666,0.739642166773696,3.3156221548372,0.000914393684211254,0.0401875949674733,"COL4A6"
"297",259.416377119935,2.45302873997706,0.673644513876627,3.64142910607346,0.000271128790850101,0.0175388159857372,"LY75"
"298",72.2940195504579,2.46198932316868,0.69653575783303,3.53462014761179,0.000408361736414459,0.0234017027507421,"PTHLH"
"299",273.404561458107,2.4678548025424,0.72460891794901,3.40577481371277,0.000659765741997878,0.0320364113347214,"PPARGC1A"
"300",31.4518226635416,2.47216468326188,0.661219603549453,3.73879520508951,0.000184904277107401,0.0136906890017848,"VIL1"
"301",10.8878120005005,2.48368174660231,0.607131879130692,4.09084390389533,4.29806355070406e-05,0.00485325128627725,"ANGPTL2"
"302",18.3348510578024,2.48424009048692,0.728272854161366,3.41113921285397,0.00064692052626933,0.0316543189815324,"HLA-DMB"
"303",12.0726445159378,2.48964629829992,0.74489357764688,3.34228455313672,0.000830918317530347,0.0377533672700753,"ATP2B2"
"304",47.9309457209053,2.49196252249346,0.763464383995021,3.2640193501282,0.00109843663229461,0.0446344561527622,"RARRES2"
"305",38.4678865058277,2.49626500166406,0.543377147664646,4.59398230564651,4.34866268926653e-06,0.000838237677770436,"BMP6"
"306",65.8127059450198,2.49847210331062,0.717204315278345,3.48362670174533,0.000494668917105542,0.0266571941022729,"ANKRD1"
"307",4.90900737827857,2.50016420209702,0.700357899754257,3.5698379399651,0.000357202141054162,0.0211692188128465,"PRH1"
"308",43.4611364690639,2.50364081657537,0.777848252487467,3.21867511891815,0.00128784306350572,0.0491518183617595,"EGFLAM"
"309",11.9964967930639,2.51289958586122,0.759304147824286,3.30947696395666,0.000934704572924,0.0404907486679347,"PTPRD"
"310",10.8930118908957,2.51804201047325,0.641224673415652,3.92692626292784,8.60383438584025e-05,0.00804838096004851,"IL34"
"311",225.942183248993,2.52033868320267,0.603011459581725,4.17958671125569,2.92039351534891e-05,0.00361882269177943,"PTGS1"
"312",3.4275222880874,2.52867810483763,0.775830672404559,3.25931700663549,0.00111680801476877,0.0448674680964892,"FMO2"
"313",28.6092720331991,2.53709367617935,0.691124045590505,3.67096716192478,0.000241634386932419,0.0165124826762146,"CD70"
"314",3417.36007283644,2.54022850830628,0.595427922831338,4.26622335114409,1.98809752175936e-05,0.00272580829715175,"LCP1"
"315",11.2521382208639,2.55339886338999,0.688044948175636,3.71109310541466,0.000206366177646675,0.0147493848989944,"SMCO2"
"316",23.118918647494,2.55681015539876,0.77543060861294,3.29727783118115,0.000976268769564564,0.0417619768174147,"CSRNP3"
"317",208.757907100053,2.58240918883202,0.600548993921675,4.30008078436448,1.70735859404934e-05,0.0024682972765336,"TSHZ2"
"318",16.627394838642,2.5827445034658,0.790586067986394,3.26687328306202,0.00108742342294611,0.0445462655234094,"SOX8"
"319",401.202122869644,2.58365032422342,0.589554380915453,4.38237829767554,1.17390744039017e-05,0.00183620292499719,"GABRP"
"320",173.098764714852,2.5902055195668,0.76481531171869,3.38670719568376,0.000707368396564248,0.0337467777790889,"TSPAN2"
"321",6.6703880205923,2.60884571520885,0.691034421140953,3.77527607221279,0.000159830549634798,0.0123483659055905,"PCDH17"
"322",576.470377174952,2.62371652024568,0.792741554074781,3.30967451719855,0.000934045175596039,0.0404907486679347,"SMOC1"
"323",50.9288731032402,2.62909424676903,0.775157845675103,3.39168888173904,0.000694632665708986,0.0333504821405884,"CCNA1"
"324",35.7197440476033,2.64452216653821,0.59761786352318,4.42510562008266,9.63951088131324e-06,0.00158578263920776,"LAPTM5"
"325",5.24849585857392,2.65129082702519,0.791859547281544,3.34818319249554,0.000813432229845874,0.0374041620292743,"TPBGL"
"326",28.9877800228816,2.65145785277367,0.736678219876877,3.59920760683927,0.000319188298477204,0.0195854350477186,"C6orf223"
"327",25.0790152432069,2.66092505971813,0.619359615311248,4.29625211902286,1.73710010156656e-05,0.00247851582219217,"SLC38A5"
"328",38.8085838226127,2.66240262552493,0.574913940330595,4.63095854658519,3.63976746231343e-06,0.000723517525867992,"LGR6"
"329",16.1422573037119,2.66580187241537,0.724723684625471,3.67837001738535,0.000234729263564557,0.0162294874514581,"KANK4"
"330",44.3768109343639,2.66626105615379,0.598811398964818,4.45258901344067,8.48410503179938e-06,0.00143276262231706,"HCLS1"
"331",17.5066503681832,2.66708413111206,0.61083209299094,4.36631303711086,1.26361350037965e-05,0.00192908291421959,"CPNE5"
"332",1211.76000238701,2.67021199530783,0.690779266927809,3.8655068603657,0.000110858732655965,0.00961598725124443,"AKR1C3"
"333",13.9682622738484,2.68687488446158,0.824090045431373,3.26041419788674,0.00111249621221271,0.0448674680964892,"KCNH8"
"334",54.2498214892144,2.68884665482946,0.650696007179415,4.13226241618549,3.59209982267085e-05,0.00417975859244072,"PROX1"
"335",39.5984501203253,2.69214088717041,0.667220037759033,4.03486216662857,5.46343596897434e-05,0.00573297480234262,"SOD3"
"336",1046.86791318858,2.69607869544359,0.766919374626477,3.51546562082449,0.000438983592172399,0.02478283517051,"SERPINB5"
"337",10.421929802561,2.69972058454336,0.540197593526586,4.99765385276654,5.80320341068068e-07,0.000167791713160635,"DUOX2"
"338",90.0671116296449,2.72037309308624,0.545429075524288,4.98758356523496,6.11391771913391e-07,0.000174137151991392,"PDE7B"
"339",2.1972144875208,2.74036831426029,0.788321351797693,3.47620714320516,0.000508559318786016,0.0270329734829904,"GPA33"
"340",46.7381762639348,2.7503496334776,0.696551365267536,3.94852378535103,7.86346040507838e-05,0.00757870782374297,"SCN4B"
"341",67.8207363880411,2.75051322205507,0.712206293465568,3.86196141102766,0.000112480336019503,0.00971249887900533,"DGKG"
"342",32.6584651772145,2.77862241648287,0.862155448523214,3.22287868300591,0.00126909291519391,0.048563535882769,"PRKCQ"
"343",129.914474607239,2.79559288004191,0.612051824003125,4.56757544117315,4.93398121740722e-06,0.000923089838939039,"LAMA1"
"344",12.392418054885,2.79887509269616,0.773135367204767,3.62016176134247,0.000294418894805295,0.0184149375114214,"TGM3"
"345",20.4730180214284,2.81134197520722,0.679964805391574,4.13454042461541,3.55665647772029e-05,0.00416390647633965,"MMP28"
"346",24.762120818424,2.82451716311174,0.878709102703173,3.21439388123178,0.00130720223170033,0.0494947225943201,"GNG2"
"347",818.387438324182,2.84573471501329,0.768442533581297,3.70324987315688,0.000212855041086899,0.0151000473942799,"MUC16"
"348",5.70747002969688,2.86087950968399,0.798774419166318,3.58158629149628,0.000341514298187234,0.0203659917259593,"KLF14"
"349",3922.74140856045,2.86215833242182,0.70562704935327,4.05619134788708,4.98794012537675e-05,0.00541444898004137,"LAMC2"
"350",105.449250960107,2.86661552367581,0.673489508657569,4.25636255179339,2.07779674010724e-05,0.00279229543601876,"B3GAT1"
"351",29.6437590097288,2.86746486954385,0.660344446560359,4.34237750386192,1.40949075297662e-05,0.00208506294876379,"NRG2"
"352",109.206104305636,2.87266921184725,0.728763685684301,3.94183912875659,8.08592049273932e-05,0.00763879310707645,"DDIT4L"
"353",55.5354492649667,2.87933424592326,0.791973133948722,3.63564636538503,0.000277284501980137,0.0176970573621638,"FYB"
"354",28.1943378281122,2.88123916522407,0.748821143521126,3.84770006850479,0.000119231898224036,0.01015759961522,"AJAP1"
"355",23.0290845727498,2.89413563044738,0.814260504249904,3.55431169182577,0.000378969789411993,0.02232061880046,"RIPK3"
"356",1837.96417805782,2.91009262242816,0.764690030506795,3.80558462426862,0.000141469633242608,0.0115865451123119,"COL4A2"
"357",1716.49241258782,2.92290812920948,0.773058755110357,3.78096504293807,0.000156221611105756,0.0122179385439801,"MMP14"
"358",65.7339849797224,2.92313632962705,0.658716267775996,4.43762583774702,9.09565484756124e-06,0.00150932505613923,"MUC4"
"359",501.681245123367,2.93540711804261,0.547473701256107,5.36173173489011,8.24278909201256e-08,3.65807312192734e-05,"TNFSF15"
"360",50.8275912985696,2.95563937882933,0.782862623243172,3.77542533143935,0.000159734869370969,0.0123483659055905,"TCN1"
"361",40.4698888233464,2.96615630785775,0.741953911433618,3.99776355666955,6.39437761007172e-05,0.00642221733153238,"PPT2"
"362",17.1577335533621,2.98978933966237,0.559104324664672,5.34746237467492,8.91959458864203e-08,3.86846871670581e-05,"ARSE"
"363",19.1098394193998,2.99040175161719,0.788094577493263,3.79447066001765,0.000147958775868779,0.0118930419778657,"TRPA1"
"364",13.2511492631969,2.9964890822126,0.711914171726264,4.20905946421413,2.56435900201575e-05,0.00329359561328959,"TFF2"
"365",33.2987835266191,3.01685630873673,0.869845414116049,3.46826718837451,0.000523826188274277,0.02762672370767,"GLP2R"
"366",104.951662586068,3.02840687042711,0.664426995399195,4.55792267833371,5.16620484842429e-06,0.00094127885604301,"LOXL4"
"367",14.4431944227861,3.02990420064361,0.843113564770716,3.59370828230903,0.000326004820425363,0.0197496825021499,"CAPN6"
"368",3.83255658357165,3.03071720220822,0.858850193881532,3.5288077289836,0.000417436298980524,0.0238501104594172,"FBXO39"
"369",49.3988275744501,3.03654854165417,0.602301963820369,5.04157170996673,4.61723767040929e-07,0.000139173356502258,"EPSTI1"
"370",9.45070517024318,3.03947083889582,0.734693065392659,4.13706210398401,3.51780922240225e-05,0.00416390647633965,"MYBPC1"
"371",81.6566167466562,3.08851762340341,0.822469584318835,3.75517548890431,0.000173220065297216,0.0130140098664046,"PABPC4L"
"372",33.6360391255918,3.08883291322873,0.599984625549416,5.14818677295312,2.63016535481051e-07,8.80551674839457e-05,"SYN2"
"373",106.440773207048,3.09430084666959,0.78825735178226,3.92549570222635,8.65513154984196e-05,0.00805687196905532,"PI3"
"374",33.4318668087293,3.1053077055595,0.897987687729955,3.45807381102238,0.000544052307416741,0.0282123646261785,"TH"
"375",183.627238337408,3.10792621934958,0.602489446296876,5.158474125069,2.48970506386859e-07,8.4841145953222e-05,"IFI27"
"376",17.4839741024037,3.10901105122228,0.903193839969815,3.44224120408769,0.000576915587789241,0.0292800004302715,"HOXB8"
"377",5114.18046158297,3.12024279396142,0.599006492461522,5.20903000757016,1.89830413936873e-07,6.70839590584695e-05,"LAMB3"
"378",136.788867881318,3.12090186311732,0.723418519143113,4.31410280568159,1.60252365846341e-05,0.00235238145957364,"CXCL2"
"379",437.29855655575,3.130445559757,0.78332250175002,3.99636874054209,6.43215191193438e-05,0.00642221733153238,"PKP1"
"380",670.416727351548,3.13228877949245,0.80312474498191,3.90012734517724,9.61421049648979e-05,0.00877837219638826,"FBN2"
"381",6.63230238701241,3.14524329735377,0.699035686080416,4.49940304906257,6.81445492092354e-06,0.00120359027082938,"BTBD16"
"382",82.8987274270868,3.15046656965129,0.862840699884893,3.6512725582736,0.000260944128941251,0.0172304387978751,"PLA2G2A"
"383",2.11549301743811,3.15909462735391,0.979778682024846,3.22429410366962,0.00126283631543274,0.048563535882769,"PLVAP"
"384",18.9145424598255,3.17305432888614,0.864740855176682,3.66937020483187,0.00024314875187425,0.0165124826762146,"ZNF804A"
"385",11.8333398387604,3.17596369418388,0.596892821613102,5.32082742359147,1.03296356764146e-07,4.17627899087568e-05,"DUOXA1"
"386",624.184194900939,3.19557898908231,0.798474941815142,4.00210303634317,6.27819453933188e-05,0.00633898340709366,"IGFBP7"
"387",9.91024506287555,3.21512939750488,0.940335244586329,3.41913101313062,0.00062821471135496,0.031138237238407,"CWH43"
"388",1.96430873534686,3.22034820624355,0.910515524695392,3.53684052484541,0.000404944101076825,0.0232757478338827,"FXYD2"
"389",3.15090299303445,3.23174811467661,0.893663282790828,3.61629282181557,0.000298852298185347,0.0184670637652265,"MTNR1A"
"390",21.2350804150179,3.23921491940644,0.784906263513034,4.126881221343,3.6771619770683e-05,0.00422718566315629,"TLX1"
"391",186.964889739122,3.24169322508336,0.682092338539709,4.75257240394093,2.00844811019723e-06,0.000450908415139927,"RBMS3"
"392",8.90471780675405,3.25271167837592,0.573304996965606,5.67361473490011,1.39815381919158e-08,8.60676430052674e-06,"UGT2B7"
"393",57.8267817642673,3.25903209047032,0.534578494186113,6.09645192598355,1.08448543475195e-09,1.47027196968954e-06,"ITPRIPL1"
"394",259.047462664062,3.28815416717644,1.00722197236771,3.26457747883205,0.00109627475645054,0.0446344561527622,"CALML5"
"395",160.066428779947,3.29650772753883,0.994163967240303,3.31585919040055,0.000913618495861388,0.0401875949674733,"KRT6B"
"396",8.67606088773431,3.31925389373435,0.856103802132979,3.8771628924722,0.000105681606705747,0.00933667639243415,"ADRA1D"
"397",4.81267650911374,3.32570546942218,0.85691683570249,3.88101310519335,0.000104022234816761,0.00927596405144043,"HLA-DPB1"
"398",4.81267650911374,3.32570546942218,0.85691683570249,3.88101310519335,0.000104022234816761,0.00927596405144043,"HLA-DPB1"
"399",4.81267650911374,3.32570546942218,0.85691683570249,3.88101310519335,0.000104022234816761,0.00927596405144043,"HLA-DPB1"
"400",46.9440499978189,3.33250984031671,0.917407644581982,3.63252896353962,0.000280657062336716,0.0178525957352385,"FOXJ1"
"401",164.250304290124,3.34312764445341,0.779102995046487,4.29099575500147,1.77873715443679e-05,0.00250261806947111,"WFDC2"
"402",92.6010260065735,3.3441917978273,0.57304322248982,5.83584565104372,5.35184228408492e-09,4.25538359613302e-06,"GABBR2"
"403",70.536456154674,3.34998681065256,0.633897105939418,5.28474854872223,1.25877537604623e-07,4.71004127472355e-05,"PDPN"
"404",66.0470915275619,3.35222153459442,0.71304728623136,4.70126119168306,2.58559529684778e-06,0.000530547473653185,"KIT"
"405",16.5116549824597,3.35566704578169,0.767837167548692,4.37028472650602,1.24084632138536e-05,0.00192512767081275,"PCSK1"
"406",1381.91438961688,3.35587025438858,0.842322066941025,3.98407021031249,6.77448430740361e-05,0.00662961456606067,"RARRES1"
"407",119.157919910366,3.36474502748173,0.715391581659583,4.70336122725418,2.5591305904148e-06,0.000530547473653185,"SCG2"
"408",19.0702852557232,3.37785728535631,1.03139117754323,3.27504962123327,0.00105643415569805,0.0438259412895344,"CACNG6"
"409",286.359380966204,3.4081765996287,0.62590286336297,5.44521650103436,5.1742412214329e-08,2.82114414938869e-05,"IFI27"
"410",11.6520323454217,3.435384656767,1.02594851833921,3.34849614318676,0.000812514116967293,0.0374041620292743,"FGF21"
"411",6.28830597428852,3.43896843229458,0.782450255465964,4.3951272407044,1.10707886847167e-05,0.0017652964934032,"MYBPC2"
"412",1232.21132447434,3.44471305629528,0.951736072458333,3.61939949107697,0.000295287474636847,0.0184149375114214,"COL4A1"
"413",10.5981902730069,3.46036032492744,0.725643641605766,4.76867724944169,1.85439473621029e-06,0.000431553838428061,"ADAMTS18"
"414",6.6053016388915,3.46400090006109,0.968521063644187,3.57658808888196,0.000348108046880996,0.0206945353851403,"PNMA3"
"415",76.5459736945877,3.50070218275051,0.578754931826818,6.04867792953518,1.46039274313656e-09,1.63388132965961e-06,"SPON1"
"416",60.9967101870058,3.50599008763635,0.905550246146772,3.87166819572383,0.000108093029748362,0.00950571099856213,"ALOX5"
"417",15.2442774626832,3.50615568741046,0.790096747117818,4.43762830336983,9.09555069084699e-06,0.00150932505613923,"SCARA5"
"418",35.1249179201669,3.50808948405802,1.03699294435449,3.38294440975368,0.000717131466171035,0.034077894924459,"S1PR1"
"419",27.181701569166,3.50967152265243,0.633314448228619,5.54175186192102,2.99460460078786e-08,1.73169816960105e-05,"DHRS9"
"420",31.3993990803646,3.51196871987074,0.757033688461797,4.63911814414316,3.49898996004868e-06,0.000702855004290621,"CALCB"
"421",6.35484613169539,3.5376354763385,0.883377300345675,4.0046710221716,6.21038477131315e-05,0.00630387088249834,"PURG"
"422",149.319985589884,3.54039374431588,1.08763163451074,3.25514046482153,0.0011333629619272,0.0451572615326603,"FOXQ1"
"423",48.9768558031595,3.55654025593108,1.05140412702659,3.3826576903299,0.000717880509334619,0.034077894924459,"SNCA"
"424",61.921398986879,3.57704575003618,0.730342659370898,4.89776367865102,9.69335130976274e-07,0.000246637630725603,"ALOX15B"
"425",80.5890751128513,3.58464685035962,0.581958757069928,6.15962352453937,7.2918084554429e-10,1.07038139042475e-06,"CCDC8"
"426",30.0005939541725,3.61482688633445,1.0336210564531,3.4972457882571,0.00047008850205989,0.0257778703586462,"NPTX2"
"427",67.4495470075515,3.6303949616615,0.643356941898918,5.64289389797537,1.67215403425329e-08,9.97178607364236e-06,"KCNJ12"
"428",482.749811367978,3.66467433047263,0.742108540885567,4.93819182582043,7.88502614619183e-07,0.000211623005212763,"CFI"
"429",418.160380861361,3.66888681160651,0.646186415844051,5.67775292337923,1.36475647688368e-08,8.60676430052674e-06,"ADD2"
"430",8.96343285884719,3.66894866162302,0.887290267495558,4.13500383812267,3.54948703127082e-05,0.00416390647633965,"FGF19"
"431",188.24025420255,3.68774589655201,0.953820754549837,3.86628816678714,0.000110504359700101,0.00961598725124443,"GNA15"
"432",17.1066379504831,3.7100354848777,0.747195866124153,4.96527838694071,6.860259104029e-07,0.000189730905046645,"IP6K3"
"433",919.172918198746,3.72467440196764,0.864148430570185,4.31022526941352,1.63088326310949e-05,0.00237573628319987,"NNMT"
"434",8.0071628898435,3.73459957860219,1.00565828302179,3.7135870520357,0.000204342130079405,0.0146596273244559,"SHISA3"
"435",9.65279742277279,3.73896989319957,1.03543941354747,3.61099823348394,0.000305020739856216,0.0187764863828264,"AADAC"
"436",294.535131854301,3.75477913308172,0.739297464305954,5.07884757403662,3.79731208950678e-07,0.000119476835891125,"MSLN"
"437",232.422343677229,3.76961178249396,0.799494989310251,4.71499112927038,2.41721280050203e-06,0.000506897493098684,"CDA"
"438",39.3547928509278,3.79269280036393,0.639867291960723,5.92731156603133,3.07934385005674e-09,2.93815593453164e-06,"LAYN"
"439",110.783717359599,3.80726176948204,0.977949719934902,3.89310584365776,9.89689456076254e-05,0.00899344947157293,"CHST2"
"440",2.90861309064236,3.82745123136566,1.13857041096081,3.36162892915492,0.000774841738156297,0.0364194701705335,"EGFL6"
"441",342.453322338484,3.83653988956916,0.973180311849727,3.94227035098669,8.07139210178028e-05,0.00763879310707645,"DKK3"
"442",320.87784901754,3.84892948809982,1.05025209642697,3.66476725082876,0.000247563614240799,0.0166934856910147,"TAP2"
"443",16.0766676363546,3.85058692816012,1.01577564445093,3.79078485411169,0.000150171994944935,0.0119405507480591,"MT1A"
"444",49.8854437647822,3.85072397975683,0.724635465914883,5.31401533720838,1.0723558693754e-07,4.17627899087568e-05,"ALDH3A1"
"445",22.3344881609937,3.85143561390386,1.15905894432009,3.32289883338344,0.000890872171713124,0.0395360782623292,"ZBED2"
"446",3.24237224728279,3.85183609174532,1.0236727726593,3.76276110356926,0.000168047712217806,0.012776312718137,"NEU4"
"447",3.24237224728279,3.85183609174532,1.0236727726593,3.76276110356926,0.000168047712217806,0.012776312718137,"NEU4"
"448",182.009293879554,3.87296120983169,0.805798752116297,4.8063628786468,1.53700814252091e-06,0.000366634079796581,"KLHDC7B"
"449",99.7036892143832,3.87415923650271,0.79708591116984,4.86040360544928,1.17146674554839e-06,0.000290325972796104,"NSF"
"450",54.0495491488514,3.88988310829408,0.658590834944109,5.90637297378149,3.49721720650611e-09,3.03351799780709e-06,"PTPRZ1"
"451",28.7672590139329,3.89168436736192,0.852591834321176,4.56453394309182,5.00605204226839e-06,0.000927480496335997,"LPL"
"452",216.874329216379,3.908771801671,0.660488226092646,5.91800375427543,3.25872531671386e-09,2.96125024851669e-06,"ADGRF5"
"453",135.901350186143,3.91642898171473,0.680818676167009,5.75252871111604,8.79183307845741e-09,6.45286733216164e-06,"NRN1"
"454",340.563359129786,3.92381514658984,0.729504903199484,5.37873718103971,7.50101154271826e-08,3.40813817308792e-05,"FGD5"
"455",145.275599200275,3.95612364965915,0.910728245337184,4.34391232501464,1.39967394660156e-05,0.00208506294876379,"DPP4"
"456",625.552154220445,3.9719825696599,0.744333708801056,5.33629274436302,9.48661942854681e-08,4.02295907899908e-05,"KRT16"
"457",511.98798863563,3.97654894140388,0.655409572889853,6.06727320730204,1.3010014034161e-09,1.55168811133685e-06,"IGF2BP1"
"458",4.94690043561608,4.03623599829573,0.928871018431081,4.34531373915959,1.39076740332546e-05,0.00208506294876379,"GRAP2"
"459",295.931497445767,4.0601408255912,0.858439994971137,4.72967341849876,2.24881291561391e-06,0.000482180863692812,"A2M"
"460",32.6482762056334,4.07865281384279,1.16914312211526,3.48858299441006,0.000485588048490908,0.0263252179811136,"SERPINB3"
"461",288.511319638535,4.09223635414518,1.22341962723516,3.3449163827732,0.000823073806125365,0.0377012553345657,"TBX18"
"462",275.687589850832,4.13660875245222,0.761443546860211,5.43258757593967,5.55426789831031e-08,2.86465119739069e-05,"IGF2"
"463",623.274675568972,4.14993854465207,0.593762749936354,6.98922009691061,2.76418491965944e-12,1.05497881643722e-08,"IL20RB"
"464",571.085951494358,4.15770339239578,0.615721721824793,6.7525689691014,1.45249976721672e-11,2.80990208273386e-08,"GDA"
"465",15.5745720247168,4.16870265416051,1.06603518769032,3.91047378388369,9.21152582531308e-05,0.00849195880794442,"FOXG1"
"466",3.77227300638387,4.17463184213289,1.20884746046264,3.45339836387232,0.000553570859497262,0.0284435633038119,"GAL3ST2"
"467",231.843602204205,4.19661365874716,0.790791451875849,5.30685258267816,1.11534307987379e-07,4.25681839864629e-05,"C8orf4"
"468",111.166923957574,4.28086231305842,0.803066224304057,5.33064669326399,9.78636457608119e-08,4.05985206968168e-05,"EYA4"
"469",81.6284784940384,4.28522692558893,0.835822593385322,5.12695751407309,2.94461932718324e-07,9.52409671536234e-05,"IL31RA"
"470",33.7392404082902,4.33958078873098,1.18048480872519,3.67610049418366,0.000236826261603348,0.0162680373666391,"SLC22A3"
"471",28.6954466441391,4.40319262147844,1.2530381264614,3.51401328378819,0.000441390739159562,0.02478283517051,"HOXD9"
"472",30.0644259808808,4.41301696559523,0.930466086127456,4.74280259258232,2.10781646872363e-06,0.000467714670612244,"PRSS3"
"473",86.149233115518,4.43598434591168,0.834249312407924,5.31733653229864,1.05297209800485e-07,4.17627899087568e-05,"TLL1"
"474",691.683111319318,4.48115146869739,0.773124012034448,5.79616128712055,6.7850013960014e-09,5.17912726559579e-06,"KRT5"
"475",116.57638238743,4.49420366290414,0.786320732548919,5.71548412355329,1.09392134783236e-08,7.4554646716732e-06,"HKDC1"
"476",64.5589401399652,4.51720226519257,1.0645853623542,4.24315646723089,2.20397653229717e-05,0.00290058511488462,"CDH4"
"477",403.822090417086,4.53249494623941,0.953081397908872,4.75562208661717,1.97836256554729e-06,0.000449441581408797,"FMOD"
"478",923.769604900929,4.56379052851342,0.592925035507792,7.69707847570461,1.39212407230287e-14,8.85530122391857e-11,"EREG"
"479",6.89310845557334,4.56775051529328,1.07884171491909,4.23393946686223,2.2963277944968e-05,0.00300142625358784,"PLA1A"
"480",16.1596532265504,4.60871998609935,1.23908845923332,3.71944387969765,0.000199661902498767,0.0144323791113029,"GYPC"
"481",749.765600979294,4.62378322216809,0.703858228343002,6.56919680125532,5.05873882602997e-11,8.77599209246636e-08,"COL17A1"
"482",51.3358421132778,4.72813775429052,1.46373196813002,3.23019368110878,0.00123706384879427,0.0478841570518074,"PPP1R11"
"483",535.979107855153,4.77088490348179,0.922609597116904,5.17107660530575,2.32749121006735e-07,8.0755481384937e-05,"CXCL1"
"484",8.14155484817089,4.79162132401977,0.943649054774797,5.07775777422179,3.81915159532495e-07,0.000119476835891125,"CHRNA9"
"485",195.611835819957,4.80808778526462,1.17377176949038,4.0962714475167,4.19857596289808e-05,0.00476913244642762,"G0S2"
"486",4.99104432300701,4.8260911834551,1.40385483410947,3.43774232648243,0.000586585597701819,0.0295351265460259,"NEFL"
"487",6.01042626708517,4.83756348139077,1.18665410775509,4.07664158390896,4.56908386930884e-05,0.00506929229523375,"LRCH2"
"488",99.8451200206915,4.84128383259911,0.717164674654544,6.75058881690058,1.47246349249796e-11,2.80990208273386e-08,"DSG3"
"489",143.245076547844,4.86677507063171,0.77725898944426,6.2614587116084,3.81392805983338e-10,6.06509909715003e-07,"IL1A"
"490",10.3693949698133,4.90002744226993,1.24155096151228,3.94669860051609,7.92361996308377e-05,0.00759831355555415,"PNLIPRP3"
"491",22.1216786293352,4.93613610344553,0.859624654130289,5.74219931888713,9.34547258779662e-09,6.60517234788603e-06,"TMEM71"
"492",216.030015186026,4.98575146232728,0.904629294267149,5.51137520520635,3.56040826187307e-08,1.99833149592129e-05,"NID1"
"493",6.52122373269341,4.99956049286168,1.09050421789521,4.58463196273682,4.54786786307598e-06,0.00086698059131805,"HAPLN1"
"494",206.681783483932,5.21721641829373,0.863777745608377,6.03999865106404,1.54115516081711e-09,1.63388132965961e-06,"ALDH1A1"
"495",127.199944526573,5.23559695532873,1.00192669889043,5.22552893452868,1.73657960585916e-07,6.25266955068119e-05,"BPIFB2"
"496",9.49882451262026,5.30398023326137,1.41037248481847,3.7606946323432,0.000169442176648368,0.0128312105435746,"UNC5D"
"497",25.5906087404919,5.3205778505437,1.05417601324959,5.04714372521392,4.48463989212454e-07,0.000138032875905504,"ECEL1"
"498",48.4534881578762,5.72128573190567,0.953940317988257,5.99753005929256,2.0034129021392e-09,2.01216465323802e-06,"CXCL5"
"499",136.689253889181,5.72304162270027,0.973385435394494,5.87952255560598,4.11451533128939e-09,3.41379548117372e-06,"MMP1"
"500",435.611959981969,5.72757869795265,0.800843114177995,7.15193599913959,8.55624626974025e-13,4.08197118913633e-09,"KRT6A"
"501",539.766034656508,5.96182179603297,0.741060281990379,8.04498897177487,8.62531902854676e-16,1.64596963021758e-11,"CHI3L1"
"502",6.74821787663234,5.9625957011332,1.44375328453627,4.12992702077098,3.62878406123967e-05,0.00419685371155374,"DACT2"
"503",164.635209917424,5.98299434206683,1.31280993152868,4.55739570396152,5.17917936826055e-06,0.00094127885604301,"IER3"
"504",45.1558639417751,6.20922377047564,1.38118215720792,4.4955864351938,6.93784676367615e-06,0.00120359027082938,"TMEM246"
"505",322.930071342017,6.30832084386322,0.929668641607255,6.78555838234696,1.15638375156629e-11,2.80990208273386e-08,"DMBT1"
"506",82.6351644778056,6.32900501784622,1.16868180384093,5.41550745211025,6.11151264479356e-08,2.91564989501489e-05,"CST1"
"507",87.0562243076464,6.4216595138303,1.18913913107289,5.40025918416829,6.65446845598419e-08,3.09724930598893e-05,"CARD11"
"508",416.481672756315,7.16182036226263,0.929552340614943,7.70459074690162,1.31263273684845e-14,8.85530122391857e-11,"BNC1"
"509",227.393968279851,7.43726388172761,1.30342925943681,5.70592061508663,1.15715924346946e-08,7.61450684245782e-06,"SPP1"
"510",34.0414783531599,7.67151525349373,1.12774822878741,6.80250702919956,1.0281399813926e-11,2.80990208273386e-08,"CXCL6"
