"","estimate","se","n","tstat","fstat","pvalue","df","fdr"
"ENSG00000002587",-0.0783044884015818,0.0423763930467381,734,-1.84783278546661,3.41448600304492,0.0650422745913157,710,0.622078178691434
"ENSG00000003989",-0.0424938366769515,0.0366480408196352,734,-1.15951182454982,1.34446767127053,0.246637408569149,710,0.805406930632747
"ENSG00000005513",-0.0407522149180779,0.0380872866424384,734,-1.06996897155363,1.14483360008712,0.284996880423059,710,0.826275852278229
"ENSG00000006062",0.102995985829163,0.0375358739030485,734,2.74393467154093,7.52917748168406,0.00622403601232713,710,0.320238302099494
"ENSG00000007174",-0.0145940701911583,0.0358999664044238,734,-0.406520441460912,0.165258869325349,0.68448274535171,710,0.94926692167123
"ENSG00000010438",-0.0488512346825636,0.0393986774102906,734,-1.23992067484489,1.53740327990742,0.215414371979296,710,0.785922788345623
"ENSG00000012779",-0.0118466328098905,0.0376337673361535,734,-0.314787321292436,0.0990910576462088,0.75301562413265,710,0.961830427842697
"ENSG00000017483",0.0131908274646046,0.0396170680616462,734,0.332958194788141,0.110861159476215,0.739264131210524,710,0.959512344268876
"ENSG00000018625",-0.0186761762117836,0.0371554507321416,734,-0.50264970128939,0.252656722205961,0.615366448383623,710,0.934876380327793
"ENSG00000019582",0.00353794866978608,0.0422994016943585,734,0.0836406314999473,0.00699575523728125,0.933365736864402,710,0.991763830169209
"ENSG00000023171",0.0480351530751433,0.0373729912380153,734,1.28529056636715,1.65197183999208,0.199109857067898,710,0.773258445677962
"ENSG00000028137",-0.00451474944488689,0.0389455852220637,734,-0.115924550090704,0.0134385013134427,0.907745117964717,710,0.988220585801628
"ENSG00000029534",-0.00310711324000208,0.0363803613916461,734,-0.0854063324592359,0.00729424162387633,0.931962436256176,710,0.99152104197516
"ENSG00000037897",-0.0225511015203654,0.0361524285729452,734,-0.623778329991407,0.389099404966577,0.532973521559988,710,0.914578914077554
"ENSG00000038295",0.0452227182490274,0.0359951999263678,734,1.25635413448281,1.57842571123168,0.209400816025587,710,0.781567188746434
"ENSG00000044524",0.0991885553459899,0.0361406408921224,734,2.74451567259312,7.53236627710894,0.00621314675245497,710,0.320238302099494
"ENSG00000049239",0.0762314910831893,0.0364323899310682,734,2.09240983716476,4.37817892666356,0.0367563819165541,710,0.543585828576755
"ENSG00000050165",0.0416999180250008,0.0451568021876015,734,0.923447099990844,0.852754546481226,0.356087970118566,710,0.85542018338707
"ENSG00000054219",-0.0407701941451837,0.0398925225939755,734,-1.02200090378192,1.04448584733067,0.307128565214849,710,0.835070880806707
"ENSG00000057149",-0.0506693212667386,0.0360045311794377,734,-1.40730401443683,1.98050458904987,0.159774874658005,710,0.743789748773182
"ENSG00000058085",0.038478862127088,0.0420544820120574,734,0.91497648493342,0.837181967980684,0.36051460886424,710,0.85706658382917
"ENSG00000058866",0.0185400010339294,0.0380066594569932,734,0.487809276027232,0.23795788977785,0.625835535932428,710,0.93714618317709
"ENSG00000060558",0.0195130728406159,0.0395652583771713,734,0.493187044416592,0.24323346078006,0.622032932808766,710,0.936493096385808
"ENSG00000061987",0.0193219762023937,0.0365607147776068,734,0.528490110763051,0.279301797174049,0.59732436142407,710,0.930840840693996
"ENSG00000062524",0.0170793075938183,0.0361698863320479,734,0.472196883258806,0.222969896558995,0.636931358664049,710,0.939986170911071
"ENSG00000064300",0.0480552405304276,0.0380712775293182,734,1.26224397102043,1.59325984237713,0.207275464441571,710,0.78055008475037
"ENSG00000065325",-0.0418324100446867,0.036215239901271,734,-1.15510514796337,1.334267902851,0.248435965569429,710,0.805894192770447
"ENSG00000065534",0.00975022076450072,0.0413774638489788,734,0.235640850296855,0.055526610328265,0.813779324265674,710,0.973530060728885
"ENSG00000065618",-0.0553879571035031,0.0431111323550011,734,-1.28477156775674,1.6506379813158,0.19929111162628,710,0.773446337343465
"ENSG00000065675",0.0100461164733364,0.0395082167473883,734,0.25427916773795,0.0646578951452502,0.7993535171567,710,0.970850196640467
"ENSG00000066379",0.00446302927767039,0.0416446913365824,734,0.107169224562121,0.011485242692932,0.91468500475335,710,0.988922532702995
"ENSG00000066583",-0.0754294428944872,0.0379268548142448,734,-1.98881355345493,3.95537935040564,0.0471051983890548,710,0.575256800705618
"ENSG00000067064",-0.0467268112544164,0.0365897405053996,734,-1.27704680626311,1.63084854538651,0.202003195307648,710,0.776187597305325
"ENSG00000068024",-0.0340280932500407,0.0367058936347908,734,-0.927047127325298,0.859416376281783,0.354217084105489,710,0.854928331001774
"ENSG00000069122",0.0558791288218307,0.0363676905773607,734,1.53650473633913,2.36084680479225,0.12486013323658,710,0.708199118845993
"ENSG00000071909",-0.0184987379838099,0.0360493973211205,734,-0.513149715625674,0.263322630646402,0.608006223495845,710,0.933744206488332
"ENSG00000073146",-0.0342141299181965,0.0360518117288957,734,-0.949026644638047,0.900651572232652,0.342929970543786,710,0.851239934018508
"ENSG00000073282",-0.0514502813896242,0.041958065463832,734,-1.22623101949194,1.50364251316389,0.220518278952575,710,0.78892150917986
"ENSG00000073737",-0.0276070097676591,0.0374138900599005,734,-0.737881298187908,0.544468810215146,0.460830386214981,710,0.892762526126749
"ENSG00000073969",0.0333649174093594,0.038328765563077,734,0.870492877065172,0.757757849020986,0.384325323972123,710,0.8653105083374
"ENSG00000075223",0.0235228879042949,0.0407957032272091,734,0.576602093933414,0.33246997472799,0.564391034806171,710,0.922760057562953
"ENSG00000075340",0.0122202375109448,0.0386613925145799,734,0.316083739258391,0.0999089302231746,0.752031845962705,710,0.961830427842697
"ENSG00000077092",0.0538327662233193,0.0372462463793836,734,1.44532057472284,2.08895156371699,0.148809075508736,710,0.735260996640531
"ENSG00000077274",0.0384405443183349,0.0358488071223278,734,1.07229633017253,1.14981941970118,0.283951287977159,710,0.826275852278229
"ENSG00000078053",0.0623675438560039,0.0402555185809729,734,1.54929177550038,2.40030500563273,0.121757200091009,710,0.704924843887873
"ENSG00000078898",-0.0523519759115085,0.0359388586016479,734,-1.45669556431344,2.12196196709012,0.145642519352126,710,0.731658254192728
"ENSG00000081041",0.0645038986898693,0.0366449682917044,734,1.76023890036962,3.0984409863742,0.0787978508962363,710,0.644091667137977
"ENSG00000081181",-0.0163069339519855,0.0374560026440256,734,-0.435362366533433,0.189540390193328,0.663431735751709,710,0.944630551043373
"ENSG00000081277",0.0291414432067144,0.0401644056081153,734,0.725553951701611,0.526428536829494,0.46835133522056,710,0.895297301534096
"ENSG00000081842",0.0284386241364334,0.0403844790750924,734,0.704196879290026,0.495893244801421,0.481541071061868,710,0.899258133790114
"ENSG00000081853",-0.0413382737651243,0.0455286043763101,734,-0.907962682612645,0.824396233016735,0.36420600920787,710,0.858232114733246
"ENSG00000082074",-0.0144821794836566,0.0371720586664302,734,-0.389598531886945,0.151787016048181,0.696950270620187,710,0.951593656417633
"ENSG00000082175",-0.0325270502883047,0.0372533614191135,734,-0.873130612895945,0.762357067175711,0.382887087319125,710,0.865058435584913
"ENSG00000086967",0.0735335701905481,0.0365496509756268,734,2.01188159743534,4.04766756209867,0.0446097151224249,710,0.569972233101599
"ENSG00000087494",-0.0232731641210147,0.0384025661005332,734,-0.60603148394012,0.367274159526352,0.544687540157446,710,0.917442192992511
"ENSG00000088826",0.00843218124502828,0.0373456890189759,734,0.225787272012675,0.0509798922025547,0.821431854876914,710,0.974464943629152
"ENSG00000088970",-0.111149407324177,0.037292736952655,734,-2.98045722590131,8.88312527542705,0.00297651953786225,710,0.234189893253639
"ENSG00000089199",-0.0127586885074704,0.0366198314886847,734,-0.348409263199717,0.121389014683017,0.727636128668078,710,0.957844549865314
"ENSG00000094755",0.00337397966640559,0.0359460370250088,734,0.0938623543969034,0.00881014157258997,0.925244979491556,710,0.990221094756648
"ENSG00000094963",0.0356318996547088,0.0361385500954954,734,0.98598033292847,0.972157216921304,0.32447863970895,710,0.843789248001008
"ENSG00000095303",-0.0210224463978373,0.0376019676785678,734,-0.559078359343933,0.312568611886329,0.5762845393288,710,0.926485489532607
"ENSG00000099337",-0.0492857426590384,0.0364243601177125,734,-1.35309837975909,1.83087522530627,0.176454875887634,710,0.757824074116483
"ENSG00000100109",-0.00439812744743256,0.03878427575616,734,-0.113399757032565,0.0128595048947904,0.90974568862891,710,0.988307675146553
"ENSG00000100170",-0.0247333869002338,0.0390674882637091,734,-0.633093858844498,0.400807834106291,0.526876209549056,710,0.91292785882245
"ENSG00000100280",-0.0345752997310339,0.0371220383101986,734,-0.931395508029929,0.86749759237802,0.351965602628003,710,0.853400910332731
"ENSG00000100351",0.00453542723250181,0.0376698991362226,734,0.120399240149296,0.0144959770281722,0.904200955339584,710,0.987837905814892
"ENSG00000101443",-0.01338490692371,0.0370247007408304,734,-0.361512899655912,0.13069157661728,0.71782361728182,710,0.955466135302111
"ENSG00000101445",0.0413512895598936,0.0438688646553613,734,0.942611345991149,0.888516149590818,0.346200353483742,710,0.852118882284542
"ENSG00000101680",-0.0693982252528095,0.0396249779633392,734,-1.75137574378001,3.06731699590066,0.0803129898196598,710,0.646904322765063
"ENSG00000102290",0.0471205375251003,0.0367139753131471,734,1.28344961620723,1.64724291734212,0.199753334406489,710,0.773891484399573
"ENSG00000102554",-0.131709987204525,0.0467996745640752,734,-2.81433553611995,7.92048450986716,0.00502313215152589,710,0.295604557016794
"ENSG00000102854",-0.0337161822412471,0.0382906998171644,734,-0.880531889002806,0.775336407550578,0.378869189763179,710,0.86335242565643
"ENSG00000103044",0.0046283301287039,0.0385243023318739,734,0.120140530744266,0.0144337471271938,0.904405813827839,710,0.987898641938833
"ENSG00000103184",0.00523478067651319,0.0358886601381874,734,0.145861691586059,0.0212756330719541,0.884071974523625,710,0.984918958288004
"ENSG00000104321",-0.0127718509479168,0.0361714367514044,734,-0.353092165945576,0.124674077651776,0.724124150140492,710,0.956548486690797
"ENSG00000104549",-0.00237750663000876,0.0358898168787679,734,-0.0662446018612947,0.00438834727535464,0.947201736098445,710,0.993029247883183
"ENSG00000105270",-0.00232448048953305,0.0452511544529076,734,-0.0513684240244547,0.00263871498641048,0.959046393687977,710,0.994879208095438
"ENSG00000105550",0.038653415123035,0.0359457429614837,734,1.07532664339287,1.15632738999043,0.282593789953204,710,0.825457678213884
"ENSG00000105617",0.0516230665384775,0.0369146735479315,734,1.39844299236313,1.95564280288925,0.162416705174296,710,0.746330810555356
"ENSG00000106236",-0.0211103807736302,0.0367669649199034,734,-0.574167076875099,0.329667832166902,0.566036596713525,710,0.923065944240342
"ENSG00000106278",-0.00362890032933862,0.0374019905839669,734,-0.0970242565350044,0.00941370635588391,0.922734512439367,710,0.990084012236495
"ENSG00000106538",0.0357922379836662,0.0384766984462302,734,0.930231527886536,0.865330695473737,0.352567390205685,710,0.853676825315997
"ENSG00000106948",0.0552420316440302,0.0506450498964864,734,1.09076862905535,1.18977620213097,0.275744733445581,710,0.821932991046383
"ENSG00000107562",-0.0377623758326066,0.0377065198667106,734,-1.00148133442422,1.00296486319986,0.31693534768559,710,0.840265440008096
"ENSG00000107736",-0.0273563623497094,0.0371050289307621,734,-0.737268320171811,0.543564575928651,0.46120276012837,710,0.892889470601277
"ENSG00000107742",0.0328232836347912,0.0364761489147904,734,0.899856059680743,0.809740928143883,0.368501952519906,710,0.860076949481534
"ENSG00000107807",-0.000658083882496888,0.0354566581111251,734,-0.018560234312957,0.000344482297459425,0.985197140182434,710,0.997538431579095
"ENSG00000107954",-0.056258402149775,0.0361302817316082,734,-1.55709835222674,2.4245552785069,0.119892746952745,710,0.703379742936004
"ENSG00000108342",0.0440012527142086,0.0360866720083022,734,1.21932143546198,1.48674476297668,0.223127131121894,710,0.790983105028474
"ENSG00000108515",-0.0559140195054476,0.0374661554063975,734,-1.49238743337674,2.22722025130049,0.13604180172042,710,0.720495193378351
"ENSG00000108602",-0.0451671333605059,0.0374324273790112,734,-1.20663116241913,1.45595876212068,0.227976099068411,710,0.793662210658286
"ENSG00000108622",0.0155838942428033,0.0390686702376657,734,0.398884685555002,0.159108992370089,0.690098111687503,710,0.950172426059964
"ENSG00000108846",-0.0998923811089082,0.0398550783800321,734,-2.50639028121835,6.28199224178557,0.0124195813219065,710,0.400746589780787
"ENSG00000109182",0.0116154111241345,0.0397166171941451,734,0.292457211734709,0.08553122069521,0.770022512594856,710,0.965236460381928
"ENSG00000109466",-0.0465411054033285,0.0382253308963983,734,-1.2175461745372,1.48241868712987,0.223800975642392,710,0.790983105028474
"ENSG00000109610",-0.00664799793743409,0.0362146210974938,734,-0.183572207466618,0.0336987553539702,0.854401479291792,710,0.978885802931453
"ENSG00000109667",-0.0608064064423992,0.0388214488736265,734,-1.56630955841806,2.45332563279144,0.117721725233856,710,0.700720132900302
"ENSG00000109787",-0.133850631411449,0.0412604206155905,734,-3.24404427813498,10.5238232785001,0.00123365567012449,710,0.172008039536091
"ENSG00000109819",-0.010350969111811,0.0360021080704625,734,-0.287510083897098,0.0826620483421991,0.773805676947488,710,0.965921979270642
"ENSG00000109956",0.0130659499959962,0.0370234985974381,734,0.352909651734002,0.12454522228669,0.724260919701796,710,0.956677949090873
"ENSG00000110031",0.0267927413632394,0.04195890243509,734,0.638547240473879,0.407742578316499,0.523323428392882,710,0.912244006674273
"ENSG00000110484",0.00584795566719952,0.0359223273193425,734,0.162794454134676,0.0265020342964131,0.870726597081879,710,0.982631491260567
"ENSG00000110900",-0.0604082569017176,0.0370402656413487,734,-1.63088076869197,2.65977208168899,0.103358956490176,710,0.68023312649062
"ENSG00000111186",-0.01262186394082,0.0368889592568327,734,-0.342158309562019,0.117072308802012,0.73233301468849,710,0.958311102660074
"ENSG00000112232",-0.0597361966784145,0.0362388526071543,734,-1.64840198794322,2.71722911385493,0.0997126027377419,710,0.675576702652594
"ENSG00000112319",0.050234295491981,0.0398300344477905,734,1.26121647114889,1.59066698709698,0.207645104606417,710,0.781036467263068
"ENSG00000112837",-0.0131045180438834,0.0383794682587397,734,-0.341446055363189,0.116585408722654,0.73286883537089,710,0.958486727706945
"ENSG00000112964",-0.0741476069760808,0.0383905276950635,734,-1.93140369325049,3.73032022630135,0.053830846335361,710,0.595845973459438
"ENSG00000113205",-0.0188879826758971,0.0368201773248618,734,-0.512979133947394,0.263147591865097,0.608125481859864,710,0.933744206488332
"ENSG00000113361",0.0668660026407511,0.0383539850654386,734,1.74339126760012,3.03941311194404,0.0816981479444844,710,0.648970956885368
"ENSG00000113389",-0.0329951170356107,0.0362483344602206,734,-0.910251947487959,0.828558607905241,0.362998562664779,710,0.857845248443869
"ENSG00000113448",0.0507823947222097,0.0365214815478987,734,1.39048013853456,1.93343501565879,0.164818812546361,710,0.748497876972061
"ENSG00000114573",-0.0935323314334693,0.0364429194917836,734,-2.56654331589863,6.58714459238356,0.0104756711861007,710,0.379868104210054
"ENSG00000114771",0.0813864259835645,0.0383456947226944,734,2.12243973077366,4.5047504107663,0.0341463637958751,710,0.535063776460334
"ENSG00000115008",0.0138734541606528,0.0371104037055631,734,0.373842717280198,0.139758377263131,0.708632942721838,710,0.953960104246181
"ENSG00000116285",0.00568241938104753,0.0383015850744949,734,0.148359901293784,0.0220106603115705,0.88210086859573,710,0.984509063351173
"ENSG00000116701",0.0655247897009486,0.0358200884095377,734,1.82927492952534,3.34624676778964,0.0677776792915071,710,0.627427819023449
"ENSG00000116761",0.043174127524396,0.0367228982917682,734,1.17567320480459,1.38220748449518,0.240119566958312,710,0.802657266620385
"ENSG00000116774",-0.0653157179866889,0.0382699273636265,734,-1.70671131319596,2.91286350659076,0.0883129810480729,710,0.660904859077547
"ENSG00000116962",-0.00171751705444053,0.0406703174791924,734,-0.042230234748456,0.00178339272652638,0.966327033065649,710,0.995729884547988
"ENSG00000117472",-0.0801652581523398,0.039238822796416,734,-2.04300874591125,4.17388473586961,0.0414203083883515,710,0.560426306178015
"ENSG00000117707",-0.0488460154254709,0.0382006819704741,734,-1.27866867568555,1.63499358217921,0.201431549288846,710,0.775528926021058
"ENSG00000118407",-0.0345997189966084,0.0367348377851063,734,-0.941877549562405,0.887133318369417,0.346575692009892,710,0.852118882284542
"ENSG00000118785",-0.0173948128748514,0.0394467582158496,734,-0.440969389161672,0.194454002177243,0.659369398638162,710,0.944173055075336
"ENSG00000118849",-0.0107232738241462,0.037548167561153,734,-0.285587141015116,0.0815600151128853,0.775277648443946,710,0.965921979270642
"ENSG00000118946",0.0128575236582726,0.0383762427341331,734,0.335038626562489,0.11225088128856,0.737694908843423,710,0.959319400608393
"ENSG00000118971",0.00328914961024412,0.03752763701763,734,0.087646062252705,0.00768183222822945,0.930182704037681,710,0.99096362909721
"ENSG00000119125",-0.024518785337977,0.0383261384065104,734,-0.639740562378493,0.409267987152038,0.522547646519353,710,0.911988003180213
"ENSG00000120068",0.021719600884772,0.0387639252439691,734,0.560304477631585,0.313941107653717,0.575448519916453,710,0.926365778258076
"ENSG00000120071",0.00510937572112783,0.0396204658160479,734,0.12895799218641,0.0166301637483897,0.897427409719455,710,0.986560182193015
"ENSG00000120341",-0.0652088787422206,0.036416915637206,734,-1.79062058390246,3.20632207549493,0.0737801244550503,710,0.635519666467562
"ENSG00000120457",-0.00608253629933294,0.0359307729476743,734,-0.169284872000691,0.0286573678879884,0.865620792688189,710,0.981217066075567
"ENSG00000120708",0.0158427398737933,0.0419221947852985,734,0.37790816904818,0.14281458423304,0.705611763625767,710,0.953298400834458
"ENSG00000121380",-0.0317199006117272,0.0370743702213437,734,-0.855574900459565,0.73200841029602,0.392521587354358,710,0.86818381867099
"ENSG00000122176",-0.00893373127956316,0.0360113900284545,734,-0.248080712033169,0.0615440396827482,0.804143690054418,710,0.971545932958106
"ENSG00000123066",-0.0279562461943108,0.0384822363619813,734,-0.726471453772637,0.527760773146203,0.467789228988986,710,0.894970781242996
"ENSG00000123297",-0.0637597748210785,0.0360882606827234,734,-1.7667732834684,3.12148783517737,0.0776958013374517,710,0.64342081869439
"ENSG00000123427",-0.0511885129560444,0.0359069798960969,734,-1.42558669941519,2.03229743754925,0.154427155891377,710,0.739950637653825
"ENSG00000123689",0.0320130279583466,0.0373644026152636,734,0.856778797937186,0.734069908594377,0.391856226381962,710,0.867920046531779
"ENSG00000124102",-0.00632239802840411,0.0380145789748952,734,-0.166315087497863,0.0276607083291527,0.86795634314166,710,0.981936421831639
"ENSG00000124772",-0.0187134272351125,0.0372731866327779,734,-0.502061372414454,0.252065621670324,0.615780010124362,710,0.934993972196102
"ENSG00000124785",0.00826000529891571,0.0374957518517393,734,0.220291763493004,0.0485284610625275,0.825707260540709,710,0.974834132608526
"ENSG00000124875",0.0193382306033276,0.0364059155068937,734,0.53118374676406,0.282156172825943,0.595457581890188,710,0.930162765431381
"ENSG00000124882",0.0411288240126607,0.0375169516547639,734,1.09627307653174,1.20181465832794,0.273330985305832,710,0.820376277029207
"ENSG00000125726",0.0185975628657824,0.0419196281794381,734,0.443648087387013,0.196823625441711,0.657432197063066,710,0.943984713028439
"ENSG00000125780",0.00640295438331887,0.0364415176021364,734,0.175704932303464,0.0308722232353131,0.860575859100825,710,0.979823344304762
"ENSG00000125968",-0.0578125957403649,0.0395716298111045,734,-1.46096069371754,2.1344061485873,0.144468614970499,710,0.730050839343269
"ENSG00000126216",-0.0522459138065371,0.038978283842844,734,-1.34038517491398,1.79663241712887,0.180548895253158,710,0.762457579345694
"ENSG00000126890",0.065856378578918,0.0361907835860107,734,1.81970026767738,3.31130906418474,0.069225643926324,710,0.629522266952108
"ENSG00000127831",-0.0933727560468221,0.0413718628240415,734,-2.25691447455352,5.09366294544896,0.0243166104218661,710,0.483459692632888
"ENSG00000127863",0.104392951638009,0.0407294485651213,734,2.56308286303209,6.56939376276842,0.0105796735253867,710,0.380769915579077
"ENSG00000127903",0.0476790750388615,0.0375737806492282,734,1.26894537134742,1.61022235546388,0.204876386356403,710,0.778526109276676
"ENSG00000128298",-0.0821794487612277,0.0399796225527041,734,-2.05553338210967,4.22521748496691,0.0401927149292259,710,0.555357884190828
"ENSG00000128709",-0.00871834817796039,0.0388137781332684,734,-0.224619931304437,0.0504541135389475,0.822339584790538,710,0.974464943629152
"ENSG00000128713",0.00827935774094302,0.0392843631213152,734,0.210754536490137,0.0444174746507198,0.833139287468336,710,0.97607103537263
"ENSG00000129465",-0.126494498018543,0.0395801636610297,734,-3.19590639144043,10.2138176628496,0.00145565672392808,710,0.180511073277042
"ENSG00000129625",-0.0675381005057871,0.0428615014210163,734,-1.57572876046454,2.48292112655487,0.115533771817456,710,0.697607726996473
"ENSG00000129654",-0.0440960029306213,0.0371308437548299,734,-1.18758418800772,1.41035620360564,0.235394414253567,710,0.799085661253806
"ENSG00000129988",-0.0336665214713131,0.035774773696697,734,-0.941068747401229,0.885610387334936,0.346989696831372,710,0.852289844206198
"ENSG00000130224",0.0623534581896191,0.0404464734809987,734,1.54162904261386,2.37662010503011,0.123609317816679,710,0.706985770874311
"ENSG00000130300",-0.00576750649363278,0.0363372289552191,734,-0.158721692860523,0.0251925757841746,0.873933281566784,710,0.983295809700692
"ENSG00000130433",-0.000708119984488662,0.0369507063239624,734,-0.0191639092979787,0.000367255419312247,0.984715732573783,710,0.997538431579095
"ENSG00000130487",-0.00962141092191649,0.0362388911534775,734,-0.265499594928782,0.0704900349069296,0.790701691044524,710,0.968891533416313
"ENSG00000131788",0.0197850123118804,0.0399680489271329,734,0.495020718873496,0.245045512113641,0.620738648295649,710,0.93620482139967
"ENSG00000131951",-0.00577492677955241,0.0361195385082675,734,-0.159883736560769,0.0255628092163151,0.873018133656608,710,0.983027486961212
"ENSG00000132297",-0.0373419718824169,0.0357102708892602,734,-1.0456927643651,1.09347335744532,0.296058774438368,710,0.830935317502215
"ENSG00000132692",-0.0740451925502327,0.0374672411069401,734,-1.97626487466453,3.90562285483254,0.0485114384222926,710,0.578764061819157
"ENSG00000132854",-0.0563587459461162,0.035733827135581,734,-1.57718191595544,2.48750279601647,0.115199094709339,710,0.697270528228799
"ENSG00000133048",-0.0598742623699586,0.0364127668081466,734,-1.64432059462625,2.70379021791166,0.100552663189473,710,0.676597475136444
"ENSG00000133067",0.0218472275079274,0.0371233544200249,734,0.588503594280334,0.346336480480594,0.556381482968851,710,0.919930097155936
"ENSG00000133083",0.0391107326994876,0.0369016214216986,734,1.05986488378232,1.12331357187455,0.289566488895586,710,0.828296922413936
"ENSG00000133101",-0.0213821367635158,0.0360995809797163,734,-0.592309832502765,0.350830937679075,0.553831708763301,710,0.919791554193526
"ENSG00000133106",0.00571574283785788,0.0370324301974579,734,0.154344254681137,0.0238221489526768,0.877382166903922,710,0.983818162169303
"ENSG00000133110",0.0498096343402527,0.0358624195929051,734,1.38890891651122,1.92906797836409,0.165295944394704,710,0.749135910966438
"ENSG00000134198",0.0154769782546838,0.0383554363514421,734,0.403514592113404,0.162824026048088,0.686691195026314,710,0.949367089071122
"ENSG00000134460",-0.00427517648610644,0.0360517332474791,734,-0.118584492367101,0.0140622818295927,0.905638093515323,710,0.988106667787105
"ENSG00000134757",-0.0324524636820572,0.0392525670808187,734,-0.826760288447874,0.683532574554072,0.408650698457538,710,0.87407934173167
"ENSG00000134827",-3.93113215382983e-05,0.0358652889313878,734,-0.00109608266682315,1.20139682094506e-06,0.999125760765473,710,0.999851483125297
"ENSG00000134871",0.0128655845675294,0.042607082718042,734,0.301958823434806,0.0911791310497679,0.762771879551668,710,0.963671761445019
"ENSG00000135407",-0.0320576510565547,0.0356019685697097,734,-0.900446024319832,0.810803042713072,0.368188250392748,710,0.859999906364173
"ENSG00000135506",-0.017932375915096,0.0364288514804122,734,-0.492257515303171,0.242317461372169,0.622689481476233,710,0.936576352369009
"ENSG00000135636",0.00041094623021494,0.0368914598474144,734,0.0111393322984409,0.00012408472372877,0.991115411743296,710,0.998005897312134
"ENSG00000135679",-0.0434903318910509,0.0359651927235318,734,-1.20923394531389,1.4622467344992,0.226975489395654,710,0.792962939817003
"ENSG00000135925",-0.0164577201273804,0.0385361556521517,734,-0.427072183222862,0.182390649682527,0.669456228927131,710,0.945521826474439
"ENSG00000136014",0.0971404394174724,0.0369015713847485,734,2.63242013204947,6.92963575161887,0.00866217457774481,710,0.358763493031709
"ENSG00000136167",0.0298756246021211,0.0489478379996775,734,0.610356367574762,0.372534895438786,0.541821076514596,710,0.916417740623444
"ENSG00000136542",0.0303840386399787,0.0382270345490923,734,0.794831171142995,0.631756590620314,0.426977323252507,710,0.880713143775483
"ENSG00000136732",-0.074281431386895,0.0444647593467543,734,-1.67056861384582,2.79079949356647,0.0952476333406808,710,0.670142494103583
"ENSG00000136859",-0.00361847936272798,0.0378300379434408,734,-0.0956509577954407,0.00914910572688629,0.923824782217907,710,0.990167764799795
"ENSG00000136928",0.0171809480337519,0.0372850221221064,734,0.460800263909869,0.212336883219039,0.64508302239966,710,0.941750571229053
"ENSG00000137033",-0.0711617682940004,0.0362185686363496,734,-1.96478687516605,3.86038746482454,0.0498284706975864,710,0.581752665352439
"ENSG00000137331",0.0478212616150351,0.038089511722766,734,1.25549684026148,1.57627231590619,0.209711485171717,710,0.781694315664523
"ENSG00000137462",0.0640692095830202,0.0360071851329517,734,1.77934513199111,3.16606909874022,0.0756108992173735,710,0.638803102724975
"ENSG00000137491",-0.0760916856704712,0.0369775660540065,734,-2.05777972404505,4.2344573926906,0.039975843977184,710,0.555278143731847
"ENSG00000137573",-0.0467038372765063,0.0371223636350467,734,-1.25810516096593,1.58282859604876,0.208767311337354,710,0.781095131494272
"ENSG00000137648",-0.107766365671987,0.0401341593500197,734,-2.68515318166081,7.21004760898286,0.00741890507177425,710,0.341769624034836
"ENSG00000137731",-0.0302088058575044,0.0394917179820563,734,-0.764940281180735,0.585133633772517,0.444561279992265,710,0.888104675484475
"ENSG00000137857",-0.07833990759284,0.0449948698778025,734,-1.74108532385128,3.03137810493002,0.0821017813773431,710,0.649618407530429
"ENSG00000138131",-0.0296001969665932,0.0386400696539826,734,-0.766049265222852,0.58683147674807,0.443901587810826,710,0.888014985403145
"ENSG00000138152",-0.0631537426833075,0.0366674041424842,734,-1.72234015906611,2.96645562353161,0.0854434066481165,710,0.654533230147176
"ENSG00000138829",-0.000639312225869712,0.0371676447877529,734,-0.0172007731326676,0.000295866596086351,0.986281277754814,710,0.997652606113571
"ENSG00000139233",0.112782280613508,0.0356471241894405,734,3.16385355559529,10.0099693212526,0.00162335275052392,710,0.18894058656249
"ENSG00000139269",0.0100018086978421,0.0366253318254359,734,0.273084452736505,0.0745751183260477,0.784867708592884,710,0.967776101006125
"ENSG00000139318",-0.00830150048421322,0.0367718239584229,734,-0.22575710396089,0.0509662699883596,0.821455310693263,710,0.974464943629152
"ENSG00000140254",-0.0374701714565112,0.046159439485386,734,-0.811755339195014,0.658946730711405,0.417204090759022,710,0.876572108405896
"ENSG00000140279",-0.0368885900821109,0.0424917627412144,734,-0.868135085540501,0.753658526746128,0.385613719294056,710,0.865892791406034
"ENSG00000140798",-0.0474210266853585,0.037430076477472,734,-1.26692305087594,1.60509401684057,0.205598228695867,710,0.779219837188728
"ENSG00000140873",-0.00748766656576254,0.0358110365642436,734,-0.209088238826317,0.0437178916151406,0.834439329737387,710,0.976236084446648
"ENSG00000141424",-0.0456336931641486,0.0383827710500848,734,-1.18891085546175,1.41350902223446,0.234872228394354,710,0.798994630110645
"ENSG00000141469",0.0239145972560361,0.0371219142379129,734,0.644217782056399,0.415016550717364,0.519642280744824,710,0.911086351974668
"ENSG00000141480",0.0341750015618299,0.0405196098330735,734,0.84341882122308,0.711355307993047,0.39927830402897,710,0.870903757504971
"ENSG00000142661",0.0314919407058294,0.0388402948285128,734,0.810805912902366,0.657406228397079,0.417748834478525,710,0.877081119639612
"ENSG00000143167",-0.018711855579354,0.0406544664352327,734,-0.460265678536555,0.211844494838329,0.645466457032891,710,0.941886668042376
"ENSG00000143194",0.00702919346915415,0.0355607629898043,734,0.197667116174349,0.0390722888164252,0.843362096364294,710,0.977666799035534
"ENSG00000143195",0.0227955137056656,0.0376090502735286,734,0.60611777058647,0.36737875182041,0.544630277023004,710,0.917403305188244
"ENSG00000143226",-0.0429591657691393,0.0379190275240897,734,-1.13291844686279,1.28350420724164,0.257630930609015,710,0.81227861871126
"ENSG00000143368",0.0411319142443914,0.0367937189676334,734,1.11790586541616,1.2497135239315,0.263985311294033,710,0.815141185762694
"ENSG00000143473",-0.0490406168454798,0.0390595362411677,734,-1.2555350514836,1.57636826550367,0.209697630944317,710,0.781694315664523
"ENSG00000144642",0.111226266403231,0.0450452555579358,734,2.46921157457249,6.09700580000235,0.0137753674218244,710,0.414186555153385
"ENSG00000144837",-0.0697906270671542,0.0361160536334131,734,-1.9323990316203,3.73416601740668,0.0537077356066368,710,0.595496216836674
"ENSG00000144908",-0.0247329366898204,0.0368786119789685,734,-0.670658014567502,0.449782172503309,0.502656509536089,710,0.906156751054208
"ENSG00000145040",-0.00188696785643414,0.0423206400341291,734,-0.0445874130190946,0.0019880373993599,0.964448712483104,710,0.995532758661742
"ENSG00000145087",-0.0360512414779252,0.0370377725490505,734,-0.97336419003549,0.947437846443103,0.330703825040636,710,0.846394453358817
"ENSG00000145113",-0.0611031382558889,0.0380302943426681,734,-1.60669643272612,2.58147342693453,0.108565586579279,710,0.688358994362583
"ENSG00000145335",-0.094252582054907,0.0423052666607383,734,-2.22791603728097,4.96360986917342,0.0261986535286605,710,0.495935132654539
"ENSG00000145358",0.0404890694897679,0.0358224710351867,734,1.13027014384344,1.2775105980636,0.258744085880248,710,0.812544509951919
"ENSG00000145569",-0.0430431845320484,0.0361377652754181,734,-1.19108595133102,1.41868574345777,0.234017874551257,710,0.797945780236188
"ENSG00000145681",0.0451306639884604,0.0360027974336415,734,1.25353214765166,1.57134284519585,0.210424718175724,710,0.782480025798822
"ENSG00000145824",-0.0515145992957782,0.035628379054612,734,-1.44588669658014,2.09058833934706,0.148650243646774,710,0.734924300629526
"ENSG00000145832",0.0159271223603759,0.0361218469605611,734,0.440927685059006,0.194417223451134,0.659399576682125,710,0.944173055075336
"ENSG00000146151",0.0211654463660981,0.037015225931529,734,0.571803787048337,0.326959570882716,0.56763588971638,710,0.923163216483365
"ENSG00000146477",-0.0168197847829304,0.039069910375501,734,-0.430504821262076,0.185334401129728,0.666959109454878,710,0.945140060848216
"ENSG00000146592",0.0354476285079799,0.0410077894145261,734,0.864412079121324,0.747208242530601,0.387653501233178,710,0.866833596580574
"ENSG00000146733",0.0267992264598427,0.036013690409157,734,0.744139968866634,0.553744293264475,0.457038002369586,710,0.891302845712919
"ENSG00000148204",-0.0290986566243027,0.0374183380249678,734,-0.777657644892893,0.604751412660053,0.437029911008596,710,0.885471335744702
"ENSG00000148677",0.0459770844924185,0.0372453705208922,734,1.23443756497545,1.52383610182218,0.217448303339655,710,0.787326153093099
"ENSG00000150526",-0.06759863934369,0.0392219965207913,734,-1.72348797460773,2.97041079861698,0.085235671477007,710,0.653952063443779
"ENSG00000150527",-0.0880849850066449,0.0380085150879215,734,-2.31750661142342,5.37083689399081,0.0207596192816437,710,0.463208968869932
"ENSG00000150594",-0.0452894193251168,0.0369570723304303,734,-1.22546014793022,1.50175257416482,0.220808245768577,710,0.78892150917986
"ENSG00000150907",-0.0940578420780498,0.0371245761239554,734,-2.53357349492691,6.41899465419591,0.0115046190356955,710,0.39100106536725
"ENSG00000151012",0.0192838734123881,0.0375025703834222,734,0.514201379138333,0.264403058307433,0.607271207377157,710,0.93336420475708
"ENSG00000151365",-0.021885532673121,0.0368345864387633,734,-0.594157143843741,0.353022711580261,0.552596276979545,710,0.919682893125894
"ENSG00000151689",-0.0151156231749919,0.0395900984292047,734,-0.381803121859416,0.145773623861159,0.702721643320953,710,0.952893511543788
"ENSG00000151702",-0.0173490352615054,0.048321184821258,734,-0.359035800253661,0.128906705863518,0.719675050999304,710,0.9556890635158
"ENSG00000152137",-0.0581797393412161,0.0393809416799376,734,-1.47735774868115,2.18258591758787,0.140023186534794,710,0.724925802213878
"ENSG00000152580",-0.0189111995136209,0.0359276586816347,734,-0.52636882578958,0.277064140762833,0.598796356800032,710,0.930967273927627
"ENSG00000152779",0.125730286974634,0.03717025058113,734,3.3825515031223,11.4416546712747,0.000757548144502943,710,0.143385235521346
"ENSG00000153093",-0.0284567172434505,0.036208915673265,734,-0.785903601760206,0.617644471259275,0.432186161077122,710,0.882878424031682
"ENSG00000153162",-0.0472252621650634,0.0364794741839972,734,-1.29457080238783,1.67591356239475,0.195889190757947,710,0.770785002033175
"ENSG00000153707",-0.0209558669183036,0.035901281976733,734,-0.583708039503567,0.340715075380846,0.559602138673315,710,0.921486029460911
"ENSG00000154252",0.0550297763741462,0.0388713899501699,734,1.41568841362992,2.0041736844858,0.157305251988206,710,0.741909993190241
"ENSG00000154548",-0.0236129640883362,0.0424771610730217,734,-0.555897887049079,0.309022460825369,0.578455792779681,710,0.926929585904058
"ENSG00000154721",0.0416608660219654,0.0389854876567212,734,1.06862498139825,1.14195935086802,0.285601870473107,710,0.826275852278229
"ENSG00000154783",-0.0812150270346687,0.0358599024412774,734,-2.26478661417618,5.12925840775122,0.0238264177082317,710,0.480431459265982
"ENSG00000155629",-0.0172458515114744,0.0426809286567604,734,-0.404064579994625,0.163268184805906,0.686286908316337,710,0.949367089071122
"ENSG00000155850",-0.0576053043641485,0.039189906392329,734,-1.46990155545317,2.16061058272336,0.142031393413423,710,0.726335073850536
"ENSG00000156466",-0.00596580000478367,0.0393130282672662,734,-0.151751220084744,0.0230284327969222,0.87942626569297,710,0.983913635895825
"ENSG00000156510",0.0121203622258471,0.0406570458805185,734,0.298112220486112,0.0888708960027644,0.765704731133453,710,0.964312178796203
"ENSG00000156687",-0.0745547943966035,0.0358062826008415,734,-2.08217075276201,4.3354350436574,0.0376843949985729,710,0.54676799972419
"ENSG00000157087",-0.0401702084144221,0.036614091726519,734,-1.09712426337009,1.20368164927505,0.272959028879332,710,0.820341102206189
"ENSG00000157152",0.0135192559586962,0.0403585176408302,734,0.334979001929915,0.112210931733682,0.737739867138,710,0.959319400608393
"ENSG00000157214",-0.0358874299942926,0.0434964699575935,734,-0.825065345056295,0.68073282361252,0.409611606503956,710,0.87407934173167
"ENSG00000157227",0.0300971490482401,0.042469809095046,734,0.708671634969766,0.502215486210543,0.478760880355709,710,0.898594505615658
"ENSG00000157368",0.011432213562529,0.0370384547573325,734,0.308657951240953,0.0952697308638391,0.757672275029302,710,0.963043559567348
"ENSG00000157399",-0.0404122893327113,0.0406129714507706,734,-0.995058669412983,0.990141755573541,0.320046727302024,710,0.84138658447192
"ENSG00000157404",-0.0648779655857434,0.0357636616811756,734,-1.81407502856152,3.29086820925009,0.0700881513704013,710,0.629942221775167
"ENSG00000157833",-0.00538552123889081,0.0415470146382504,734,-0.129624746465721,0.0168025748959961,0.896900036604781,710,0.986353260234003
"ENSG00000158246",-0.0110637425179053,0.0391690543134844,734,-0.282461313192759,0.0797843934503054,0.777672128029967,710,0.966679382598819
"ENSG00000158292",-0.010122907215661,0.0379117333139602,734,-0.267012513825989,0.0712956825393914,0.789537061579939,710,0.968492518236712
"ENSG00000158458",0.0219272337181099,0.0366256534730054,734,0.5986851192777,0.358423872044167,0.549573832560457,710,0.918563379033788
"ENSG00000158517",0.0102675208602376,0.0400930752736363,734,0.25609212538977,0.0655831766863039,0.79795388177777,710,0.970522503456453
"ENSG00000158825",0.0369627472091281,0.037879964562753,734,0.975786214052407,0.952158735534465,0.329502757701215,710,0.846060306858853
"ENSG00000159217",0.0195084388840793,0.0395542817453143,734,0.493206753435495,0.243252901634094,0.622019015116593,710,0.936493096385808
"ENSG00000159648",-0.0112497494526869,0.0370329231921765,734,-0.303776976889135,0.0922804516875275,0.761386808143685,710,0.96344298751073
"ENSG00000160181",-0.00159399735210348,0.0372241315160804,734,-0.0428216129479043,0.00183369053509809,0.965855774570533,710,0.995729884547988
"ENSG00000160321",-0.0041673617044938,0.0359220172306671,734,-0.116011349745027,0.0134586332694255,0.907676350861029,710,0.988220585801628
"ENSG00000161544",-0.0720240536148646,0.0398585277464121,734,-1.80699232227281,3.26522125275255,0.0711866782929711,710,0.631051589699303
"ENSG00000161896",-0.0625956926487677,0.0382330198337289,734,-1.63721549908925,2.68047459045764,0.102028559742345,710,0.678963860770233
"ENSG00000162344",-0.0296158097129697,0.0355957261692697,734,-0.832004650562162,0.692231738556776,0.405686061822517,710,0.87407934173167
"ENSG00000162493",-0.00625842323018773,0.0381867799751208,734,-0.163889786838932,0.0268598622297182,0.869864548990212,710,0.982479555863784
"ENSG00000162511",-0.0577504094006594,0.0488737444899211,734,-1.18162440802073,1.39623624163002,0.237750383584302,710,0.800831172823534
"ENSG00000162670",0.0788511271990147,0.0365424075176253,734,2.15779781780888,4.65609142254033,0.0312782510758659,710,0.523453982904736
"ENSG00000162998",-0.0190899649018532,0.0355482966065092,734,-0.537014898721129,0.288385001448071,0.591425564481491,710,0.929550950502368
"ENSG00000163219",0.0148969132405447,0.0413037078861977,734,0.360667697960422,0.130081188351691,0.718455151970763,710,0.955466135302111
"ENSG00000163359",0.0377454564763994,0.0390037629353208,734,0.967738844556918,0.936518471263922,0.333504338949646,710,0.847140425311855
"ENSG00000163453",0.0339777858863885,0.040691762986763,734,0.835004025198944,0.697231722098083,0.403996319032305,710,0.873370806462718
"ENSG00000163710",0.0227037574743087,0.0363848105770219,734,0.623989986872347,0.3893635037167,0.532834589285007,710,0.914578914077554
"ENSG00000163735",0.0587713232180114,0.0357815753400406,734,1.64250239570209,2.69781411988677,0.100928712902974,710,0.676609109255655
"ENSG00000163739",0.0211500489045077,0.0362518579088856,734,0.583419723139863,0.340378573348319,0.559796058062127,710,0.921537203030356
"ENSG00000163873",-0.0798109847727562,0.0361516300196907,734,-2.20767320116093,4.87382096312397,0.0275860721130756,710,0.503960872473337
"ENSG00000163975",-0.0358534968645161,0.0406390706971412,734,-0.882242045634135,0.778351027084414,0.37794451615079,710,0.862888905989659
"ENSG00000164128",-0.013171318678154,0.036239269795346,734,-0.363454306682678,0.132099033045921,0.716373730090363,710,0.955404765044501
"ENSG00000164167",0.01883096943145,0.0381974402302209,734,0.492990350085066,0.243039485276754,0.622171837611433,710,0.936493559827173
"ENSG00000164220",-0.025827249952499,0.0370124235254058,734,-0.697799481700269,0.486924116660845,0.485531053291277,710,0.900537258649064
"ENSG00000164265",-0.0512183350694309,0.0361424486005245,734,-1.41712410344792,2.00824072457279,0.156885292726118,710,0.741573001210683
"ENSG00000164318",0.0334676224837744,0.0386064892361329,734,0.866891114575916,0.751500204530216,0.386294541057961,710,0.866337654354339
"ENSG00000164362",-0.0121788871375365,0.03925805417904,734,-0.310226459059676,0.096240455900364,0.756479789586463,710,0.962752394377494
"ENSG00000164379",-0.113422617384491,0.0407324232908458,734,-2.78457818663546,7.7538756774857,0.0055024845124603,710,0.305916413147686
"ENSG00000164488",0.04038461720364,0.036631931204858,734,1.10244302921939,1.21538063267417,0.270642662991719,710,0.818638419453004
"ENSG00000164509",0.00989188335660745,0.0360497335457674,734,0.274395463812488,0.0752928705605631,0.783860545510803,710,0.967635741083997
"ENSG00000164683",-0.0886264661456845,0.0369728093580197,734,-2.39707146101573,5.74595158921566,0.0167842019422857,710,0.438035801955793
"ENSG00000164692",0.00464860030047263,0.0391913689060526,734,0.118612858653037,0.0140690102374851,0.905615627242414,710,0.988106667787105
"ENSG00000164749",-0.0442185309652135,0.0365395602463557,734,-1.2101549845451,1.464475086619,0.226622159437239,710,0.792552895265788
"ENSG00000165071",0.0110865120944313,0.0364545645355198,734,0.304118626451539,0.0924881389543777,0.761126624452146,710,0.96344298751073
"ENSG00000165092",-0.0218916837150349,0.0365214502052781,734,-0.59941989137855,0.359304206179996,0.549084140068605,710,0.918360158786707
"ENSG00000165152",0.000574735117506974,0.041445534458838,734,0.0138672386545715,0.000192300307579741,0.988939794614336,710,0.998005897312134
"ENSG00000165694",-0.0214027174978505,0.0360164747542964,734,-0.594247983564726,0.353130665970457,0.552535560804719,710,0.919682893125894
"ENSG00000165935",-0.00162963158239326,0.0366259830546492,734,-0.0444938660065919,0.00197970411190246,0.96452325184356,710,0.995539299116118
"ENSG00000165949",0.0414941139242963,0.0374094307856045,734,1.10918859370251,1.23029933639946,0.267724386085921,710,0.817338946054861
"ENSG00000166225",-0.058918503505425,0.0367061500632063,734,-1.60513983089945,2.57647387673946,0.108907703986086,710,0.688525356543835
"ENSG00000166226",0.00708330901907976,0.036311029620389,734,0.195073207593717,0.0380535563205548,0.845391444966476,710,0.977872677958863
"ENSG00000166250",0.078997331877847,0.0389284076612964,734,2.02929779623091,4.1180495457873,0.0428005152922467,710,0.565191088690328
"ENSG00000166426",-0.0156410954847287,0.0388712025649676,734,-0.402382598238036,0.161911755364543,0.687523587043354,710,0.949497051976414
"ENSG00000166664",0.0296765310361527,0.041937841122063,734,0.707631347779135,0.500742124359321,0.479406431747534,710,0.898822834541048
"ENSG00000166741",0.0474097221806117,0.0407877388602214,734,1.16235230256533,1.35106287527856,0.245482942521187,710,0.805406930632747
"ENSG00000166896",0.0358081371149237,0.0387680978152566,734,0.923649576142783,0.85312853950847,0.355982580563062,710,0.85542018338707
"ENSG00000166908",0.0102165692206663,0.036682196318101,734,0.278515744588197,0.0775710199832119,0.780697575136377,710,0.967387094488356
"ENSG00000167105",0.0286653489503349,0.0382077056344334,734,0.750250465824917,0.562875761470212,0.453352413591687,710,0.890304343222387
"ENSG00000167244",-0.0713448598446008,0.0378900631610533,734,-1.882943808812,3.54547738714299,0.0601165727264909,710,0.610313298812556
"ENSG00000167772",0.0198334191050559,0.0371313174638875,734,0.534142617598881,0.285308335935114,0.593410065523572,710,0.929986990610393
"ENSG00000168079",-0.0706154864628405,0.0366807421857813,734,-1.92513788584718,3.70615587952391,0.0546112794509929,710,0.596463958807189
"ENSG00000168209",0.0135586714163952,0.0371121046660244,734,0.365343640259993,0.133475975478123,0.714963715620155,710,0.955033080765668
"ENSG00000168309",0.0238873809480403,0.036469053764827,734,0.655004133150248,0.429030414443682,0.512677238480225,710,0.90900290962054
"ENSG00000168412",0.0415889081911546,0.0371770514668474,734,1.11867150702475,1.25142594062869,0.263658639474106,710,0.815097118381999
"ENSG00000168542",0.00495225254420933,0.0382138584297438,734,0.129593104378979,0.016794372702278,0.896925063064665,710,0.986353260234003
"ENSG00000168824",-0.0401098046808048,0.0363246473940162,734,-1.10420355208767,1.21926548444266,0.269878923917306,710,0.81817912897938
"ENSG00000168874",0.000280045178330767,0.0375765424750362,734,0.00745265955527479,5.55421342047936e-05,0.994055786540307,710,0.998848543152291
"ENSG00000169418",-0.0507733117625932,0.0363960838217254,734,-1.39502128886421,1.94608439638416,0.163445646946671,710,0.746956440198257
"ENSG00000169432",0.0275285505578158,0.0372235836237662,734,0.739545951192072,0.546928213924337,0.459819987598629,710,0.892417147893133
"ENSG00000169435",-0.0638906865602311,0.0361765241830959,734,-1.76608140231684,3.11904351960908,0.0778118910893276,710,0.64342081869439
"ENSG00000169515",-0.0140780039209544,0.0412888104663485,734,-0.340964144085195,0.116256547551359,0.73323144573648,710,0.958489649564336
"ENSG00000169554",0.022363138093101,0.0448658706721263,734,0.498444313195831,0.248446733356959,0.618325280394702,710,0.935656809537683
"ENSG00000169594",0.0658187925317477,0.0450589903028931,734,1.46072497606591,2.13371745570252,0.144533301962259,710,0.730050839343269
"ENSG00000170044",0.0014042827480943,0.0365909687350656,734,0.0383778510555955,0.00147285945129589,0.969397208372949,710,0.995729884547988
"ENSG00000170075",-0.0531424543654419,0.0374316275312846,734,-1.41972064455457,2.01560670857406,0.15612793245388,710,0.741157821293534
"ENSG00000170289",0.024903299073513,0.0354936466329502,734,0.701626951184956,0.492280378628853,0.483141753130195,710,0.899879999372179
"ENSG00000170370",-0.0063497198368267,0.0385603468197622,734,-0.164669676507486,0.0271161023605869,0.869250855068504,710,0.982479555863784
"ENSG00000170373",-0.0474814730496542,0.0359255733667704,734,-1.32166221997093,1.74679102369814,0.186706349123621,710,0.7669846322015
"ENSG00000170381",0.0375863331070982,0.0365089148634819,734,1.02951110016951,1.05989310537182,0.303590147685375,710,0.833854583486963
"ENSG00000170396",0.0495491958748094,0.0388988613969064,734,1.27379553270806,1.62255505914667,0.203152710273609,710,0.777206541179019
"ENSG00000170442",0.0338892774447177,0.0359792427795296,734,0.941911914388566,0.887198054466818,0.346558108530918,710,0.852118882284542
"ENSG00000170608",-0.079265984622743,0.0391046460328722,734,-2.02702217419665,4.10881889468448,0.0430333190788744,710,0.565931146727156
"ENSG00000170989",0.00785306527197917,0.036389243187687,734,0.215807326123133,0.0465728020079991,0.829199919371082,710,0.975144780813893
"ENSG00000171056",-0.00870161590342302,0.0374549817925371,734,-0.232321989945723,0.0539735070121025,0.81635488277282,710,0.97393582444751
"ENSG00000171234",0.00819915745872016,0.0436130973821756,734,0.187997595925647,0.0353430960734815,0.850932251932853,710,0.978613621766872
"ENSG00000171303",-0.0889242979503632,0.0390495876930649,734,-2.27721477238941,5.1857071195883,0.0230700082032014,710,0.477543992467948
"ENSG00000171408",0.086844934658648,0.0362273922713901,734,2.39721738755213,5.74665120318183,0.0167775736767692,710,0.438035801955793
"ENSG00000171551",-0.0631067076183463,0.035682283943882,734,-1.76857254198176,3.12784883625163,0.0773945680058689,710,0.642825724628757
"ENSG00000171812",-0.0337349850388951,0.0363652502608925,734,-0.92767091651708,0.860573329351307,0.35389354286823,710,0.854701097612854
"ENSG00000171873",0.025291131155041,0.0403690242678569,734,0.6264984505751,0.392500308572663,0.531189424966239,710,0.914556393528649
"ENSG00000171951",-0.0217028981350871,0.0367148390472315,734,-0.591120612218061,0.349423578188683,0.554627743509745,710,0.919791554193526
"ENSG00000171954",0.0328075220796397,0.0438822362635576,734,0.747626485637537,0.558945362026567,0.454933022538589,710,0.891029217497923
"ENSG00000172348",0.0349374806319013,0.0357108298319055,734,0.978344126875671,0.957157230591792,0.328237382414486,710,0.845661794001532
"ENSG00000172551",-0.0705505834748894,0.0382840612103991,734,-1.84281868862245,3.39598071913585,0.0657721922445486,710,0.623309140528654
"ENSG00000172733",0.0434625600352044,0.0440198842778017,734,0.987339261523721,0.974838817345887,0.323812694148976,710,0.843450030254307
"ENSG00000172795",-0.0234659592033963,0.0452775530350874,734,-0.518269156135967,0.268602918201575,0.604431955417942,710,0.93263400353492
"ENSG00000173391",-0.0248521027598624,0.0370923570383138,734,-0.670006026691482,0.448908075802637,0.50307179440179,710,0.906404403758528
"ENSG00000173404",0.0407220976233233,0.0359540545617518,734,1.13261489196948,1.28281649351076,0.257758353967184,710,0.81227861871126
"ENSG00000173988",-0.0464099796832424,0.0372792361773216,734,-1.24492839559506,1.54984671015858,0.213568816095112,710,0.784654564682439
"ENSG00000174343",0.0902378621117455,0.0362442901682833,734,2.4897124952032,6.19866830877064,0.0130123922235012,710,0.404445665955947
"ENSG00000174564",0.00627856206106186,0.0409864579076106,734,0.153186256670792,0.0234660292325446,0.878294920617795,710,0.983895103073274
"ENSG00000174600",0.0634818200279514,0.0358492994692314,734,1.77079666737802,3.13572083719677,0.0770235216507249,710,0.641656820447595
"ENSG00000174827",-0.0856296876763767,0.0380958537531993,734,-2.24774297568237,5.05234848472914,0.0248987401158395,710,0.48790881471395
"ENSG00000175040",0.0933753309199424,0.0373777085055214,734,2.49815557596714,6.24078128173546,0.0127092196308121,710,0.401805681051827
"ENSG00000175215",-0.0424617539314777,0.036597625222585,734,-1.16023249249719,1.3461394366459,0.246344144553449,710,0.805406930632747
"ENSG00000175356",-0.0481922460280983,0.0369395423240024,734,-1.3046248815266,1.70204608149799,0.192443324071227,710,0.769161781274301
"ENSG00000175426",0.0254699047304215,0.0358270894233855,734,0.710911914429656,0.505395750077648,0.477372289401351,710,0.898100860187407
"ENSG00000175445",0.00490623103309083,0.0361959999274968,734,0.135546221762581,0.0183727782338554,0.892218440989795,710,0.985201590081358
"ENSG00000175471",0.012430887266026,0.0378013170848322,734,0.328847993262484,0.108141002672511,0.742367557189215,710,0.960340086697803
"ENSG00000175538",-0.0924226663167052,0.0374559226794171,734,-2.46750472836419,6.08857958449943,0.013840641060553,710,0.414852735090688
"ENSG00000175868",-0.0279857051553731,0.0356937587529904,734,-0.784050381161622,0.614735000199254,0.433272036930524,710,0.883960007521342
"ENSG00000175874",-0.0971054824062366,0.0378326950166342,734,-2.5667080382072,6.58799015339717,0.0104707433368925,710,0.379868104210054
"ENSG00000175899",-0.100305571899098,0.0366783908127475,734,-2.73473207729269,7.47875953457324,0.00639882474448407,710,0.323919625181588
"ENSG00000176165",0.0296658637794629,0.0383550774749808,734,0.773453366084688,0.598230109507367,0.439511551318958,710,0.886677053416034
"ENSG00000176907",0.0668466143997868,0.0374141447610395,734,1.78666690971368,3.19217864626559,0.0744178962633212,710,0.636818109485476
"ENSG00000177098",-0.0177919966869466,0.0362709409185156,734,-0.490530331896192,0.240620006509884,0.623910230893599,710,0.936955553975261
"ENSG00000177294",0.0277892610365585,0.0367753368128697,734,0.75564939562521,0.57100600910836,0.450110045405427,710,0.889594517695912
"ENSG00000177494",-0.00867233808995082,0.0380975377098347,734,-0.22763513369296,0.0518177540911384,0.819995438660616,710,0.974359861607897
"ENSG00000178226",-0.0616499607190862,0.0356828340243622,734,-1.72772041248168,2.98501782370552,0.0844732059266371,710,0.652905838122751
"ENSG00000178343",-0.00336698744908683,0.0367619486873179,734,-0.0915889273913376,0.00838853162028242,0.92705048327492,710,0.990646527386073
"ENSG00000178372",-0.0125635514948607,0.0385115541505062,734,-0.326228109251611,0.106424779265639,0.744347908474216,710,0.960702928030306
"ENSG00000178445",-0.0617195209072038,0.0367241293791751,734,-1.68062584329644,2.82450322515559,0.0932754566577442,710,0.668122886845748
"ENSG00000178662",0.0457608516927365,0.0367536017817058,734,1.24507121681647,1.55020233494463,0.213516348680835,710,0.784654564682439
"ENSG00000179242",0.0265362977460657,0.0396012536004037,734,0.670087316271099,0.449017011427142,0.503020006944964,710,0.906404403758528
"ENSG00000179593",-0.00806685627516184,0.0361495820782514,734,-0.223152130990059,0.0497968735650468,0.823481291725641,710,0.974539053924516
"ENSG00000180176",-0.0411940191922845,0.0403326504044004,734,-1.02135661255205,1.04316933000343,0.307433391593809,710,0.835545514020951
"ENSG00000180353",0.0246115632608535,0.0616199545628942,734,0.399408980993859,0.159527534098144,0.689711991178481,710,0.950172426059964
"ENSG00000180638",-0.0316979650364619,0.0372119177692329,734,-0.851822935679762,0.725602313749734,0.394599593852395,710,0.869535744888944
"ENSG00000181143",-0.0337766035878491,0.0369018848961293,734,-0.915308355736375,0.837789386080463,0.36034052854538,710,0.857002471806631
"ENSG00000181355",-0.00393849226705991,0.0360023084958737,734,-0.10939554799691,0.0119673859211546,0.912919675665549,710,0.988732369323605
"ENSG00000181577",-0.0387652023798212,0.0374066093758188,734,-1.03631959770405,1.0739583085851,0.300405885189203,710,0.83291539052339
"ENSG00000181634",0.0281824327570748,0.0367298931950677,734,0.767288720590653,0.588731980745319,0.443164946560991,710,0.887852479611988
"ENSG00000182326",0.0267439785229268,0.0378129452857715,734,0.707270441929585,0.500231478026939,0.47963050344852,710,0.898967263031294
"ENSG00000182463",0.0259836934761772,0.0363335676327634,734,0.715142915190819,0.511429389147337,0.474755825531349,710,0.897213443287368
"ENSG00000182583",-0.00344503915988497,0.0357764667911702,734,-0.0962934428375476,0.00927242713317712,0.923314691664766,710,0.990123792873665
"ENSG00000182752",-0.00151719752432778,0.0381344872251374,734,-0.0397854444815419,0.00158288159219807,0.968275365062189,710,0.995729884547988
"ENSG00000183196",-0.0242907402529828,0.0374761785169922,734,-0.648164813335198,0.42011762524566,0.517087910586293,710,0.910403965659749
"ENSG00000183287",0.0831245769460561,0.0383457711524726,734,2.16776386150982,4.69920015926775,0.0305082534583289,710,0.520565371739926
"ENSG00000183486",-0.00144683112176456,0.0365652617125169,734,-0.0395684607193522,0.00156566308333705,0.968448295741239,710,0.995729884547988
"ENSG00000183671",0.00877746405298625,0.0375994048033338,734,0.233446888292444,0.0544974496530425,0.815481695805779,710,0.973890385546649
"ENSG00000183837",-0.0281827995344426,0.0368982606136418,734,-0.763797508764494,0.583386634394477,0.445241657628412,710,0.888265236216216
"ENSG00000183960",-0.0690344174542463,0.0373983759649279,734,-1.84592019501025,3.40742136634641,0.0653199024740854,710,0.622587923308397
"ENSG00000184185",-0.0304914091642112,0.0362777740981289,734,-0.840498347052221,0.70643747139715,0.400911980782187,710,0.871893785980834
"ENSG00000184922",0.136596808280519,0.0478477745467999,734,2.85482051306092,8.15000016179305,0.00443170791690999,710,0.280643471417408
"ENSG00000184988",-0.040232354656835,0.0409781284140411,734,-0.981800687682198,0.963932590332982,0.326532479337206,710,0.845005984384865
"ENSG00000185479",-0.0513587933398166,0.0390149302115257,734,-1.3163881893769,1.73287786513072,0.188468577116508,710,0.767212970877334
"ENSG00000185483",0.117665151718292,0.0378977687981521,734,3.10480419955566,9.63980911757821,0.00197974458270634,710,0.204789191655899
"ENSG00000185860",0.0723299752738978,0.0354772300674085,734,2.03877177379596,4.15659034562676,0.0418427312743535,710,0.562454518437325
"ENSG00000185985",-0.0283475272061349,0.0364685877384971,734,-0.777313544725248,0.604216346813287,0.437232717135901,710,0.885471335744702
"ENSG00000186081",-0.0411557823220615,0.0428625900656593,734,-0.960179547223272,0.921944762905532,0.337291723777577,710,0.847652823947478
"ENSG00000186469",0.00682538875803078,0.0388507989368099,734,0.175682069476413,0.0308641895352328,0.860593814903421,710,0.979823344304762
"ENSG00000186529",-0.0799403889788837,0.0367566850635333,734,-2.17485305980961,4.72998583176294,0.0299705084704534,710,0.516313782002628
"ENSG00000186642",0.0659652767651613,0.0394590311968276,734,1.6717409111267,2.79471767393438,0.0950160419998942,710,0.669926104951914
"ENSG00000186832",-0.0352401300315953,0.0405007111004884,734,-0.870111389999035,0.757093831005729,0.384533605221406,710,0.8653105083374
"ENSG00000187498",-0.00299181414399208,0.0400777310654177,734,-0.0746502874403901,0.00557266541473536,0.940513989235476,710,0.992378114023532
"ENSG00000187678",0.0176963148316627,0.0394323426835331,734,0.448776654577327,0.201400485693282,0.65372971657311,710,0.943584600091229
"ENSG00000187699",-0.0604838975240227,0.0361158178505187,734,-1.67472041680911,2.80468847447704,0.0944294647016218,710,0.669638669304753
"ENSG00000187908",0.0104780119818802,0.0356879448434273,734,0.293600879172226,0.0862014762502882,0.76914870427935,710,0.965236460381928
"ENSG00000188060",0.0147590127961341,0.0419025633411721,734,0.352222194044924,0.124060473977354,0.724776154825715,710,0.956897295044744
"ENSG00000188257",-0.0312156974729644,0.0360211719250731,734,-0.86659305638072,0.750983525367022,0.386457776596807,710,0.866499792667845
"ENSG00000189280",-0.0495662492831744,0.0467530855573341,734,-1.06017065381472,1.12396181520961,0.289427481877958,710,0.828296922413936
"ENSG00000196091",-0.000791974969936328,0.0359825996445563,734,-0.0220099430769212,0.000484437594054203,0.982446208030574,710,0.997145419026636
"ENSG00000196109",-0.0252047590012577,0.0360338262624317,734,-0.699474954940765,0.489265212588941,0.484484350119677,710,0.900357106412123
"ENSG00000196139",-0.0591383653122313,0.0371702563335371,734,-1.5910131149371,2.53132273190154,0.112051744516495,710,0.693001208240498
"ENSG00000196154",-0.00631691196222396,0.0370732970124701,734,-0.170389808063178,0.0290326866915013,0.864752128292444,710,0.980983623458793
"ENSG00000196482",0.0239488932263911,0.0373375480251125,734,0.641415799727492,0.411414228139827,0.521459569978396,710,0.911753237163721
"ENSG00000196581",0.0198714707144903,0.036239944327402,734,0.548330608208605,0.300666455898009,0.583637276403076,710,0.928292039064217
"ENSG00000196611",0.0213418142281487,0.0370208154186187,734,0.576481473647265,0.332330889458251,0.564472494525955,710,0.922760057562953
"ENSG00000196739",-0.039571254407362,0.0376999837946232,734,-1.0496358466076,1.10173541048335,0.29424271235657,710,0.830166170786975
"ENSG00000196878",0.0390813529703241,0.0412138829775482,734,0.948256998536493,0.899191335273128,0.343321272001669,710,0.851239934018508
"ENSG00000196932",0.00119313263598166,0.0358109693925431,734,0.0333175185207387,0.00111005704009703,0.973430747696187,710,0.996339526855637
"ENSG00000197245",-0.0146682742199567,0.0361247574647927,734,-0.406044919035163,0.164872476273782,0.684831940568181,710,0.94926692167123
"ENSG00000197565",0.0464903635633014,0.0369617942658318,734,1.25779509590199,1.58204850327482,0.208879388400849,710,0.781266974236287
"ENSG00000197614",-0.0418933453920067,0.0371172108428125,734,-1.1286770864713,1.27391196552499,0.259415298756787,710,0.812674019388457
"ENSG00000197635",-0.0155794572332205,0.0374124782150713,734,-0.416424091012086,0.173409023574995,0.677225555865856,710,0.947149572419446
"ENSG00000197959",0.0419385475355928,0.0372671322357247,734,1.12534947068962,1.26641143118115,0.260821239955669,710,0.813625276202357
"ENSG00000198286",0.0107903866053737,0.0392765732351899,734,0.274728310455201,0.0754756445652959,0.783604899125174,710,0.967583740411992
"ENSG00000198563",0.101685381164947,0.0380213331080647,734,2.67442966494455,7.15257403273512,0.00765790051158044,710,0.345917792357611
"ENSG00000198732",-0.0474637761521814,0.0367108090438641,734,-1.29291010981177,1.67161655205304,0.196462698828509,710,0.771225719497472
"ENSG00000198756",0.0366773347057056,0.0362067639398895,734,1.01299676399132,1.02616244385651,0.311406787906052,710,0.836735523497107
"ENSG00000198759",-0.0133249821251135,0.0365211513157325,734,-0.364856573384459,0.133120319141336,0.715327121854171,710,0.955175893819986
"ENSG00000198771",-0.00569574415207507,0.0472726247420397,734,-0.120487156851475,0.0145171549659075,0.904131340140853,710,0.987837905814892
"ENSG00000198885",0.0327474633369649,0.0446823491838482,734,0.73289484405181,0.537134852437348,0.463864458015292,710,0.893967542922504
"ENSG00000198920",0.0757652563406524,0.0370701294043481,734,2.0438357663722,4.17726463990199,0.0413382786258731,710,0.560191898308222
"ENSG00000198944",-0.0614973032359907,0.0366705255007726,734,-1.67702268773582,2.8124050951803,0.0939782101181377,710,0.668795486507352
"ENSG00000203727",-0.0354045178423717,0.0406200693664582,734,-0.871601609612385,0.75968936587859,0.38372037979089,710,0.865141201274808
"ENSG00000203837",-0.0128580029802417,0.0386142168652424,734,-0.332986242479398,0.110879837680183,0.739242968221358,710,0.959512344268876
"ENSG00000204099",-0.0305484998963545,0.0369291184085156,734,-0.827219852865759,0.684292684974933,0.408390391234558,710,0.87407934173167
"ENSG00000204267",0.0682503175485304,0.0377575493190811,734,1.80759394556467,3.26739587204179,0.0710928201986544,710,0.631051589699303
"ENSG00000204381",0.0863748048952704,0.0409318654838685,734,2.1102093411626,4.45298346352961,0.0351895468579781,710,0.538417263258638
"ENSG00000204396",-0.0306082836057726,0.0371177491143646,734,-0.82462660953563,0.680009045153932,0.409860556447785,710,0.874089636125127
"ENSG00000204469",0.0932430024481667,0.0400082723250483,734,2.33059307561724,5.43166408411474,0.0200540192049111,710,0.457588329913167
"ENSG00000204618",-0.0423510110538988,0.0378027790320892,734,-1.12031475299604,1.25510514578014,0.262958469205737,710,0.814799030684598
"ENSG00000204619",-0.0272875512604635,0.0370661001879742,734,-0.736186194988938,0.541970113691887,0.461860544206678,710,0.893289512652562
"ENSG00000204634",-0.0798106759768642,0.0386346656471689,734,-2.06577887086523,4.26744234331278,0.0392116350380992,710,0.554275053885165
"ENSG00000205362",0.0625094603823834,0.0362588498527079,734,1.72397802567681,2.97210023301634,0.0851471052766243,710,0.653868831135907
"ENSG00000205363",-0.0424260627878244,0.0366873602948464,734,-1.15642178796342,1.33731135167617,0.247897626843193,710,0.805585100432032
"ENSG00000205403",-0.0763451758902787,0.0363352675810206,734,-2.10113151692206,4.4147536514029,0.0359813516324266,710,0.540791169281893
"ENSG00000205420",-0.0346097207091221,0.0426354792299144,734,-0.811758688637862,0.658952168578732,0.417202169722742,710,0.876572108405896
"ENSG00000205777",0.0494843336521786,0.036034826069082,734,1.37323636743279,1.88577812083978,0.170112374581315,710,0.753929645327802
"ENSG00000206075",-0.0947947533621971,0.0431875814539782,734,-2.19495396988629,4.81782292991924,0.0284899476715893,710,0.507446829250079
"ENSG00000206262",0.0491044784573526,0.0366654488239439,734,1.33925753079246,1.79361073378404,0.180915414861369,710,0.762537600374318
"ENSG00000211452",-0.0323081559465047,0.036348278425027,734,-0.888849688249868,0.790053768301525,0.37438490330313,710,0.862423425312112
"ENSG00000213626",0.00436180230132784,0.0371389703240752,734,0.117445428973035,0.0137934287862543,0.906540301067621,710,0.988220585801628
"ENSG00000213654",0.00103389900015319,0.0548175092391845,734,0.0188607438481379,0.00035572765815227,0.984957494688448,710,0.997538431579095
"ENSG00000214013",-0.00860437627056549,0.0392831757699406,734,-0.219034640197027,0.0479761736059392,0.826686012885353,710,0.974839769539516
"ENSG00000214814",-0.0692281858008238,0.0369121993595279,734,-1.87548255053933,3.51743479737712,0.0611365305887068,710,0.612759127303821
"ENSG00000221946",0.0188177047312074,0.0357622557093256,734,0.526188976561127,0.276874839054048,0.598921232977633,710,0.930967273927627
"ENSG00000221988",0.00315190298762205,0.0390523494898202,734,0.0807096891428685,0.00651405392111535,0.935695575606625,710,0.992152852181964
"ENSG00000223865",-0.0141823740355502,0.0393519171926252,734,-0.360398553547679,0.12988711739891,0.718656297157485,710,0.955466465042363
"ENSG00000224659",0.0484202135513535,0.036084293470639,734,1.34186397721081,1.80059893333562,0.180069076245619,710,0.762143713522317
"ENSG00000231887",0.00941273600356121,0.0370392645070243,734,0.254128588373458,0.0645813394284246,0.799469796215075,710,0.970877250682627
"ENSG00000235098",-0.0856987113585621,0.0374956760833883,734,-2.2855625050732,5.22379596459622,0.0225737546536514,710,0.473585788283468
"ENSG00000239713",0.0467504028406568,0.038672703972255,734,1.20887339230784,1.46137487862969,0.22711391224697,710,0.793024564484343
"ENSG00000242574",-0.0137970349717204,0.0379313378189324,734,-0.363737104068973,0.132304680876019,0.716162615859347,710,0.955404765044501
"ENSG00000244486",0.0631840505117242,0.039733276676062,734,1.59020488108373,2.52875156382223,0.112233772337457,710,0.693104775702724
"ENSG00000250120",0.0274774707611655,0.0402937690889246,734,0.681928530947931,0.465026521320568,0.495506532413896,710,0.903215828892113
"ENSG00000253731",-0.0384406941699046,0.0455327278327197,734,-0.84424316309644,0.712746518434721,0.398817904935253,710,0.870547087911946
"ENSG00000253846",-0.0286193159238823,0.0456919677216438,734,-0.626353325342249,0.392318488166934,0.531284534271717,710,0.914556393528649
"ENSG00000254535",0.0713677001734356,0.0363064136017902,734,1.96570503923077,3.86399630125683,0.0497220225767688,710,0.581641872610798
"ENSG00000257335",0.0161350829599797,0.0360852202653595,734,0.447138269943409,0.199932632447631,0.654911597482279,710,0.943775856577571
"ENSG00000261594",-0.0646639115366436,0.040975731404128,734,-1.578102679825,2.49040806807068,0.114987428808243,710,0.697133929602084
"ENSG00000262655",-0.0135696639934748,0.0406287693425447,734,-0.333991509294012,0.111550328280258,0.738484589119214,710,0.959512344268876
"ENSG00000266265",0.0136384995873832,0.0373539995270103,734,0.365114840715286,0.133308846910314,0.715134417550494,710,0.955033080765668
"ENSG00000269028",-0.0217726111426618,0.0361378889261625,734,-0.602487079063969,0.362990680438829,0.547042330488964,710,0.917843727959889
"ENSG00000269067",-0.0346011456597923,0.0359618523246439,734,-0.962162497844443,0.925756672257577,0.336295548748472,710,0.847292180583099
"ENSG00000269096",0.0881409840169213,0.0356282342612468,734,2.47390828775349,6.12022221621503,0.0135971586126705,710,0.410968779869558
"ENSG00000271383",0.0432559355911193,0.0373198978286701,734,1.15905825331303,1.34341603457285,0.246822107594525,710,0.805406930632747
"ENSG00000271425",0.028430875094092,0.0373653404740662,734,0.76088896109015,0.57895201110857,0.446976014069492,710,0.888978099504502
"ENSG00000271447",-0.0954423224076484,0.0393932377189498,734,-2.42280980021443,5.87000732801482,0.0156501446392053,710,0.433408508448695
"ENSG00000271503",-0.0147778395355635,0.0373278274272825,734,-0.395893373766578,0.156731563391905,0.692302625075744,710,0.950483691091078
"ENSG00000274274",0.0353012347641377,0.0361149008380259,734,0.977470073155193,0.955447743913736,0.328669412811029,710,0.845768774563451
"ENSG00000274391",-0.00720220742945467,0.036688517113306,734,-0.196306855554067,0.0385363815370783,0.844426169412462,710,0.977802751288421
"ENSG00000275395",-0.00269901494588344,0.0362601122314973,734,-0.0744348205171561,0.00554054250503251,0.940685368967526,710,0.992378114023532
"ENSG00000275410",-0.0473553922175907,0.0454567747972481,734,-1.04176753473626,1.08527959643014,0.297874065820624,710,0.832231849207183
"ENSG00000275591",-0.00763903600156951,0.0375845020329671,734,-0.203249626531408,0.0413104106848686,0.83899816064226,710,0.977042889268387
"ENSG00000277586",0.0220108444171344,0.0373053027609832,734,0.590019187303179,0.348122641385691,0.555365509995602,710,0.919791554193526
"ENSG00000282815",0.0179441369361756,0.037132812585773,734,0.48324206238691,0.233522890859489,0.629072853821555,710,0.938403861524229
