,estimate,se,n,tstat,fstat,pvalue,df,fdr
ENSG00000169554,0.580547866,0.143936203,34,4.033369333,16.26806818,0.000318858,32,0.303482659
ENSG00000113361,0.56359031,0.146027177,34,3.859489191,14.89565681,0.000518884,32,0.304598189
ENSG00000154721,0.522786157,0.150695744,34,3.469150109,12.03500248,0.001513715,32,0.35225825
ENSG00000183287,0.518877641,0.151117296,34,3.433608548,11.78966766,0.001665692,32,0.355405322
ENSG00000166741,0.507739304,0.152295026,34,3.333919153,11.11501692,0.00217442,32,0.366522994
ENSG00000050165,0.499023467,0.153192646,34,3.257489701,10.61123915,0.002662267,32,0.368292836
ENSG00000077092,0.486322029,0.15446388,34,3.148451473,9.912746675,0.003542685,32,0.368292836
ENSG00000133110,0.461863173,0.1567923,34,2.945700605,8.677152053,0.005963951,32,0.368292836
ENSG00000134871,0.479460724,0.155132747,34,3.090648059,9.552105423,0.004115675,32,0.368292836
ENSG00000137573,0.46010809,0.156953471,34,2.93149356,8.593654494,0.006182288,32,0.368292836
ENSG00000161544,0.484353164,0.154657082,34,3.131787817,9.808094929,0.003699567,32,0.368292836
ENSG00000163359,0.460357128,0.156930649,34,2.933506814,8.605462228,0.006150896,32,0.368292836
ENSG00000163453,0.472455469,0.155802943,34,3.032391164,9.195396171,0.004781553,32,0.368292836
ENSG00000164692,0.487833817,0.154314833,34,3.161289209,9.993749465,0.003426165,32,0.368292836
ENSG00000168542,0.479801997,0.155099771,34,3.093505523,9.569776423,0.004085392,32,0.368292836
ENSG00000170396,0.489757519,0.154124298,34,3.177678836,10.09764279,0.003282706,32,0.368292836
ENSG00000187498,0.467331307,0.156285141,34,2.990247851,8.941582208,0.005325565,32,0.368292836
ENSG00000244486,0.454549436,0.157458805,34,2.886783214,8.333517323,0.006919586,32,0.381780344
ENSG00000144642,0.452872053,0.157609774,34,2.873375439,8.256286415,0.007156329,32,0.384707805
ENSG00000120708,0.446883735,0.158143025,34,2.825820071,7.985259072,0.008058803,32,0.396771712
ENSG00000139269,0.447366677,0.15810035,34,2.829637494,8.006848346,0.007982593,32,0.396771712
ENSG00000157227,0.447249464,0.158110712,34,2.828710698,8.001604214,0.008001033,32,0.396771712
ENSG00000136732,0.442147531,0.158558503,34,2.788545067,7.775983589,0.008839628,32,0.404955577
ENSG00000172551,-0.434410468,0.159225424,34,-2.728273262,7.44347499,0.010253413,32,0.424388324
ENSG00000151702,0.432347362,0.159400808,34,2.712328553,7.35672618,0.01066123,32,0.428084367
ENSG00000136542,0.427608197,0.1597998,34,2.67589946,7.16043792,0.011650286,32,0.437198531
ENSG00000166250,0.423274554,0.160159945,34,2.642824055,6.984518987,0.012621457,32,0.451686353
ENSG00000164509,0.414450626,0.160879485,34,2.576155844,6.636578933,0.014810863,32,0.478705789
ENSG00000185860,0.410409364,0.161202915,34,2.545917757,6.481697226,0.015915167,32,0.491343246
ENSG00000135679,-0.410155891,0.161223074,34,-2.544027235,6.472074574,0.015986667,32,0.492365091
ENSG00000130224,0.409705502,0.161258857,34,2.540669771,6.455002885,0.016114376,32,0.493709038
ENSG00000112837,0.408196267,0.161378419,34,2.529435286,6.398042867,0.016548564,32,0.496406259
ENSG00000169432,0.407943145,0.161398419,34,2.527553539,6.388526893,0.016622333,32,0.496489084
ENSG00000204381,0.407759723,0.161412903,34,2.526190384,6.381637854,0.016675961,32,0.496956913
ENSG00000105270,0.401622053,0.161893071,34,2.480785933,6.154298846,0.018555646,32,0.509672552
ENSG00000124772,0.395201638,0.162386082,34,2.433716204,5.922974563,0.020707513,32,0.533862644
ENSG00000110031,0.380032329,0.163513706,34,2.324161915,5.401728605,0.026623946,32,0.573203047
ENSG00000157152,0.366882353,0.164449588,34,2.230971561,4.977234104,0.032817226,32,0.60352983
ENSG00000118946,0.366280003,0.164491542,34,2.226740646,4.958373905,0.033126874,32,0.604586299
ENSG00000198756,0.365937115,0.164515389,34,2.224333639,4.947660138,0.033304201,32,0.604586299
ENSG00000163873,-0.365210546,0.164565836,34,-2.21923672,4.925011619,0.033682509,32,0.605679477
ENSG00000065534,0.364938052,0.164584725,34,2.217326373,4.916536245,0.033825289,32,0.60621887
ENSG00000081041,0.357119474,0.165119813,34,2.162789965,4.677660431,0.038136523,32,0.611827993
ENSG00000082175,-0.343600669,0.166013796,34,-2.069711535,4.283705836,0.046632733,32,0.611827993
ENSG00000127863,0.341743706,0.166133534,34,2.057042294,4.231422997,0.047909795,32,0.611827993
ENSG00000134827,-0.349295051,0.165642024,34,-2.108734501,4.446761194,0.042885831,32,0.611827993
ENSG00000135407,-0.348531434,0.165692283,34,-2.103486227,4.424654307,0.043373744,32,0.611827993
ENSG00000151012,0.343567889,0.166015917,34,2.069487651,4.282779137,0.046655038,32,0.611827993
ENSG00000152137,-0.354185198,0.165317199,34,-2.142458251,4.590127357,0.03986502,32,0.611827993
ENSG00000166908,-0.35597487,0.165197031,34,-2.154850285,4.643379751,0.038803414,32,0.611827993
ENSG00000168079,0.356553509,0.16515803,34,2.158862689,4.660688112,0.038465107,32,0.611827993
ENSG00000171408,0.35867325,0.165014535,34,2.173585793,4.7244752,0.037246109,32,0.611827993
ENSG00000171873,0.352544563,0.165426752,34,2.131121833,4.541680269,0.040858714,32,0.611827993
ENSG00000205363,-0.353692982,0.165350128,34,-2.139054781,4.575555357,0.040161072,32,0.611827993
ENSG00000214013,0.343420712,0.166025432,34,2.068482562,4.278620109,0.046755287,32,0.611827993
ENSG00000137331,0.339713137,0.166263626,34,2.043219828,4.174747266,0.049338112,32,0.617032434
ENSG00000221988,0.337206679,0.166422998,34,2.026202405,4.105496188,0.051147853,32,0.621972024
ENSG00000005513,0.336040996,0.166496664,34,2.018304684,4.073553799,0.052007343,32,0.62659012
ENSG00000029534,0.335212687,0.166548834,34,2.012699091,4.050957631,0.052625039,32,0.626766222
ENSG00000171303,0.330542182,0.166840293,34,1.981189177,3.925110553,0.05621804,32,0.636428207
ENSG00000185985,0.328572159,0.166961853,34,1.967947483,3.872817297,0.057790687,32,0.63981893
ENSG00000129625,-0.326369675,0.167096794,34,-1.953177361,3.814901803,0.059589904,32,0.645931026
ENSG00000134460,0.322539689,0.167329031,34,1.927577582,3.715555334,0.062823712,32,0.655064926
ENSG00000221946,0.322487288,0.167332187,34,1.927228069,3.714208028,0.062868895,32,0.655064926
ENSG00000112319,0.319625749,0.167503674,34,1.908171579,3.641118776,0.065375342,32,0.660818977
ENSG00000171951,0.318244352,0.167585849,34,1.898992992,3.606174384,0.066613064,32,0.662138362
ENSG00000124875,0.315345168,0.167757025,34,1.879773245,3.533547452,0.069270412,32,0.667605539
ENSG00000151689,0.313761331,0.167849805,34,1.869298152,3.494275579,0.07075674,32,0.668972054
ENSG00000129654,-0.313294431,0.167877057,34,-1.866213506,3.482752852,0.071199614,32,0.669352219
ENSG00000163739,0.312763017,0.167908019,34,1.862704464,3.469667922,0.07170631,32,0.669956171
ENSG00000125726,0.310603033,0.16803327,34,1.848461513,3.416809966,0.073794835,32,0.67346695
ENSG00000127831,-0.3108049,0.168021605,34,-1.849791277,3.421727769,0.073597664,32,0.67346695
ENSG00000066583,-0.306289385,0.168280533,34,-1.820111804,3.312806978,0.078107211,32,0.67859435
ENSG00000081842,-0.304441505,0.168385288,34,-1.808005369,3.268883414,0.080013232,32,0.67859435
ENSG00000116285,0.304721463,0.168369463,34,1.809838071,3.275513844,0.079722175,32,0.67859435
ENSG00000130300,-0.306492718,0.168268964,34,-1.82144533,3.317663091,0.077899648,32,0.67859435
ENSG00000253731,0.306021939,0.168295738,34,1.818358221,3.30642662,0.078380873,32,0.67859435
ENSG00000123297,-0.29568962,0.16887196,34,-1.750969311,3.065893527,0.089533396,32,0.691644823
ENSG00000088970,0.295201381,0.168898652,34,1.74780188,3.054811413,0.090088995,32,0.692420987
ENSG00000277586,0.294809974,0.168920014,34,1.745263727,3.045945477,0.090536308,32,0.692420987
ENSG00000166225,-0.292893856,0.169024147,34,-1.73285215,3.002776574,0.092750696,32,0.697461792
ENSG00000185483,0.292843442,0.169026876,34,1.732525905,3.001646012,0.092809512,32,0.697603506
ENSG00000177294,-0.292762148,0.169031277,34,-1.731999859,2.999823512,0.092904413,32,0.698116399
ENSG00000163735,0.292711159,0.169034037,34,1.731669935,2.998680763,0.092963975,32,0.698136647
ENSG00000170989,0.292637506,0.169038022,34,1.731193392,2.99703056,0.093050062,32,0.698136647
ENSG00000214814,0.291991344,0.169072937,34,1.727014092,2.982577673,0.093807928,32,0.699086697
ENSG00000172733,0.290264863,0.169165813,34,1.71586007,2.94417578,0.095855994,32,0.70168623
ENSG00000067064,-0.288383038,0.16926636,34,-1.703723275,2.902672997,0.098126963,32,0.702521203
ENSG00000138829,0.28605293,0.169389872,34,1.688725105,2.85179248,0.100995339,32,0.705932709
ENSG00000178445,0.285683198,0.16940937,34,1.68634827,2.843770489,0.101456266,32,0.705932709
ENSG00000104549,0.281918559,0.169606339,34,1.662193532,2.762887339,0.106240693,32,0.708489986
ENSG00000112964,-0.280709877,0.169668976,34,-1.654456129,2.737225083,0.107812345,32,0.708489986
ENSG00000140798,-0.278936762,0.169760335,34,-1.643120945,2.69984644,0.110149558,32,0.708489986
ENSG00000146592,0.280377218,0.169686164,34,1.652328105,2.730188166,0.108247963,32,0.708489986
ENSG00000168874,0.279300439,0.169741648,34,1.645444372,2.707487181,0.109667101,32,0.708489986
ENSG00000183671,0.282518605,0.169575134,34,1.666037927,2.775682373,0.105466906,32,0.708489986
ENSG00000254535,0.282142326,0.169594711,34,1.66362692,2.767654529,0.105951636,32,0.708489986
ENSG00000271383,-0.283098095,0.16954493,34,-1.669752641,2.788073882,0.104723674,32,0.708489986
ENSG00000175040,0.275011788,0.169960337,34,1.618093918,2.618227927,0.115458525,32,0.709652569
ENSG00000179593,-0.26880912,0.170270158,34,-1.578721265,2.492360832,0.124235585,32,0.717458821
ENSG00000018625,0.268242741,0.170298069,34,1.575136718,2.48105568,0.125061059,32,0.718868584
ENSG00000187678,0.268269326,0.17029676,34,1.575304933,2.481585631,0.125022222,32,0.718868584
ENSG00000111186,0.268160761,0.170302103,34,1.57461802,2.47942191,0.125180879,32,0.719244026
ENSG00000180176,0.267211027,0.170348748,34,1.568611632,2.460542452,0.126575194,32,0.721001414
ENSG00000118785,0.264578051,0.17047713,34,1.551985607,2.408659325,0.130500865,32,0.723185569
ENSG00000151365,-0.264538139,0.170479065,34,-1.551733864,2.407877985,0.130561057,32,0.7232519
ENSG00000178226,-0.264023969,0.170503972,34,-1.5484916,2.397826234,0.131338312,32,0.723807165
ENSG00000166896,-0.263331231,0.170537447,34,-1.544125562,2.384323753,0.132390895,32,0.725045735
ENSG00000145040,0.260031192,0.170695615,34,1.523361869,2.320631385,0.137490679,32,0.732261701
ENSG00000106278,0.259751984,0.170708899,34,1.521607748,2.315290139,0.137928683,32,0.73282048
ENSG00000170608,-0.257887827,0.1707972,34,-1.509906647,2.279818083,0.140879331,32,0.735585747
ENSG00000163710,0.257491092,0.170815904,34,1.507418725,2.272311214,0.141513214,32,0.73661499
ENSG00000166226,-0.257338151,0.170823106,34,-1.50645985,2.269421278,0.141758132,32,0.736720176
ENSG00000120071,-0.256660799,0.170854949,34,-1.502214602,2.256648709,0.142846562,32,0.738020007
ENSG00000128298,0.25534993,0.170916318,34,1.494005562,2.232052619,0.144970306,32,0.740767566
ENSG00000105617,-0.252738495,0.171037574,34,-1.477678202,2.18353287,0.149269577,32,0.746635601
ENSG00000124882,0.250196299,0.171154336,34,1.461816892,2.136908624,0.153543128,32,0.750266722
ENSG00000250120,-0.249369392,0.171192044,34,-1.456664612,2.121871793,0.154952102,32,0.751553496
ENSG00000081853,0.240792194,0.171575341,34,1.403419592,1.969586552,0.170121619,32,0.752288641
ENSG00000086967,0.237556313,0.171716245,34,1.383423645,1.913860983,0.176111017,32,0.752288641
ENSG00000106236,0.235602883,0.171800328,34,1.371376213,1.880672718,0.179798327,32,0.752288641
ENSG00000141424,-0.238686869,0.171667245,34,-1.390404258,1.933224001,0.174001662,32,0.752288641
ENSG00000143473,-0.245549341,0.171364517,34,-1.432906569,2.053221234,0.16158257,32,0.752288641
ENSG00000164362,-0.237353891,0.171724992,34,-1.382174423,1.910406135,0.176490596,32,0.752288641
ENSG00000168209,0.235030273,0.171824835,34,1.36784809,1.871008396,0.180889468,32,0.752288641
ENSG00000174343,0.237693638,0.171710306,34,1.384271236,1.916206854,0.175853837,32,0.752288641
ENSG00000174827,-0.238211118,0.171687895,34,-1.387466009,1.925061927,0.174887102,32,0.752288641
ENSG00000176165,0.234962266,0.171827742,34,1.367429167,1.869862528,0.181019369,32,0.752288641
ENSG00000181143,-0.245875212,0.171349914,34,-1.434930463,2.059025433,0.161009128,32,0.752288641
ENSG00000182752,0.238412693,0.171679151,34,1.388710809,1.928517712,0.174511553,32,0.752288641
ENSG00000188257,-0.247574758,0.171273424,34,-1.445494301,2.089453775,0.158042109,32,0.752288641
ENSG00000196109,-0.237051619,0.171738039,34,-1.380309336,1.905253862,0.177058496,32,0.752288641
ENSG00000196611,0.237093319,0.17173624,34,1.380566614,1.905964174,0.176980073,32,0.752288641
ENSG00000198732,-0.243768218,0.171443965,34,-1.421853598,2.021667653,0.164742813,32,0.752288641
ENSG00000145113,-0.232335285,0.171939335,34,-1.351263139,1.825912072,0.186087792,32,0.752984734
ENSG00000054219,-0.230716925,0.172007422,34,-1.341319593,1.799138251,0.189259475,32,0.753959033
ENSG00000107742,-0.230796098,0.172004103,34,-1.341805775,1.800442739,0.189103434,32,0.753959033
ENSG00000271425,-0.230601592,0.172012255,34,-1.340611412,1.797238957,0.189486946,32,0.753959033
ENSG00000107736,-0.229902425,0.172041499,34,-1.336319586,1.785750035,0.190870014,32,0.754873356
ENSG00000044524,0.229092535,0.172075257,34,1.331350825,1.772495018,0.192480935,32,0.755434367
ENSG00000205420,0.228305296,0.17210795,34,1.326523823,1.759665454,0.194055899,32,0.756279672
ENSG00000049239,0.227653393,0.172134934,34,1.322528716,1.749082204,0.195366909,32,0.756579852
ENSG00000183486,-0.227626419,0.172136048,34,-1.322363449,1.748645092,0.195421288,32,0.756579852
ENSG00000108602,0.226992469,0.172162207,34,1.318480247,1.738390161,0.196702357,32,0.757547377
ENSG00000204618,-0.226560788,0.172179976,34,-1.315837028,1.731427085,0.197578033,32,0.758220775
ENSG00000171812,0.224641848,0.17225853,34,1.304097092,1.700669225,0.201503509,32,0.761616163
ENSG00000037897,-0.219891469,0.172449969,34,-1.275102973,1.625887591,0.211453143,32,0.763795244
ENSG00000100170,-0.222946262,0.172327356,34,-1.293736915,1.673755206,0.205016871,32,0.763795244
ENSG00000110900,-0.219799067,0.17245365,34,-1.27453995,1.624452085,0.21164997,32,0.763795244
ENSG00000145832,-0.21945011,0.172467538,34,-1.272414001,1.61903739,0.21239443,32,0.763795244
ENSG00000152580,0.21717874,0.172557363,34,1.258588655,1.584045403,0.21728415,32,0.763795244
ENSG00000160321,-0.218365469,0.172510554,34,-1.26580933,1.60227326,0.214719876,32,0.763795244
ENSG00000180638,0.221232357,0.172396368,34,1.283277366,1.646800797,0.208611057,32,0.763795244
ENSG00000181634,-0.222116052,0.172360855,34,-1.288668773,1.660667207,0.206752492,32,0.763795244
ENSG00000196139,0.219643587,0.172459841,34,1.273592655,1.622038252,0.211981447,32,0.763795244
ENSG00000196154,0.222724512,0.172336317,34,1.292382921,1.670253614,0.205479467,32,0.763795244
ENSG00000204099,0.219314311,0.172472936,34,1.271586816,1.61693303,0.212684627,32,0.763795244
ENSG00000271503,-0.21653066,0.172582813,34,-1.254647877,1.574141295,0.218693333,32,0.763795244
ENSG00000137462,-0.215904831,0.172607313,34,-1.250844053,1.564610846,0.220060053,32,0.764011985
ENSG00000118407,0.215627569,0.172618144,34,1.249159356,1.560399097,0.220667415,32,0.764258411
ENSG00000231887,-0.215431086,0.17262581,34,-1.24796568,1.557418339,0.221098517,32,0.764796084
ENSG00000186081,0.214760862,0.172651905,34,1.243895116,1.54727506,0.222573374,32,0.765239299
ENSG00000145335,-0.213682932,0.172693696,34,-1.237352244,1.531040577,0.224959443,32,0.766815354
ENSG00000183960,-0.212755029,0.172729494,34,-1.231723801,1.517143521,0.227027306,32,0.768084047
ENSG00000163219,0.212493283,0.172739562,34,1.230136743,1.513236407,0.227612942,32,0.768424764
ENSG00000172795,-0.21200266,0.1727584,34,-1.227162675,1.505928232,0.228713429,32,0.769448801
ENSG00000136859,0.211875417,0.172763278,34,1.226391508,1.504036132,0.228999429,32,0.769698755
ENSG00000175215,-0.211438632,0.17278,34,-1.223744836,1.497551425,0.229983018,32,0.770334081
ENSG00000175445,-0.210403327,0.17281949,34,-1.217474524,1.482244216,0.232325822,32,0.77252453
ENSG00000128713,0.210179816,0.172827989,34,1.216121397,1.478951252,0.232833716,32,0.772621162
ENSG00000204396,-0.209188098,0.172865585,34,-1.210119976,1.464390357,0.235096284,32,0.773519211
ENSG00000153707,0.208530414,0.172890416,34,1.206142129,1.454778835,0.236604913,32,0.775016156
ENSG00000012779,-0.206734345,0.172957808,34,-1.195287722,1.428712739,0.240757974,32,0.776774936
ENSG00000203727,0.20663185,0.172961636,34,1.194668687,1.427233273,0.240996437,32,0.776774936
ENSG00000006062,0.205651649,0.172998139,34,1.188750643,1.413128091,0.243284973,32,0.77793261
ENSG00000253846,0.203372435,0.173082319,34,1.175004104,1.380634645,0.248662465,32,0.781732049
ENSG00000017483,-0.203216522,0.173088042,34,-1.17406448,1.378427404,0.249033191,32,0.782065488
ENSG00000139233,-0.20287138,0.173100694,34,-1.171984788,1.373548343,0.249855166,32,0.782510966
ENSG00000170075,-0.202033828,0.173131302,34,-1.16693992,1.361748778,0.251857337,32,0.783789015
ENSG00000102554,0.198793672,0.173248474,34,1.147448333,1.316637677,0.259703075,32,0.788941968
ENSG00000121380,-0.198341535,0.173264667,34,-1.144731574,1.310410375,0.260810551,32,0.789876919
ENSG00000108622,-0.196468106,0.173331356,34,-1.133482776,1.284783203,0.265432482,32,0.794196413
ENSG00000102290,-0.195512594,0.173365116,34,-1.127750487,1.271821161,0.267810379,32,0.795606793
ENSG00000186469,0.195210909,0.173375739,34,1.125941325,1.267743867,0.26856404,32,0.796429122
ENSG00000157833,0.194739001,0.173392323,34,1.123112016,1.2613806,0.269745729,32,0.796962632
ENSG00000169594,0.194557021,0.173398707,34,1.122021176,1.258931519,0.270202326,32,0.797103711
ENSG00000164318,0.191494031,0.173505227,34,1.103678745,1.218106773,0.277963218,32,0.802892255
ENSG00000205777,-0.191470856,0.173506026,34,-1.103540094,1.217800739,0.278022483,32,0.802937518
ENSG00000274274,-0.190157136,0.173551169,34,-1.095683405,1.200522124,0.281395434,32,0.805375352
ENSG00000007174,0.189690272,0.173567134,34,1.092892804,1.194414682,0.282600438,32,0.805632384
ENSG00000065618,0.189639117,0.173568881,34,1.092587084,1.193746535,0.282732673,32,0.805632384
ENSG00000100280,-0.189823229,0.173562592,34,-1.093687453,1.196152244,0.28225693,32,0.805632384
ENSG00000140873,-0.18988408,0.173560511,34,-1.094051165,1.196947952,0.282099804,32,0.805632384
ENSG00000094755,-0.189162989,0.173585116,34,-1.089741981,1.187537586,0.283965387,32,0.8064379
ENSG00000224659,-0.187626105,0.173637234,34,-1.080563777,1.167618076,0.287968039,32,0.809557397
ENSG00000156466,0.187089803,0.173655316,34,1.077362943,1.160710912,0.289373266,32,0.810938997
ENSG00000178372,-0.184714526,0.17373476,34,-1.06319844,1.130390922,0.295649784,32,0.815707729
ENSG00000003989,-0.184421016,0.173744504,34,-1.061449495,1.126675029,0.296431344,32,0.816612951
ENSG00000266265,0.183095775,0.173788299,34,1.053556401,1.10998109,0.299976575,32,0.818708985
ENSG00000133106,-0.182809686,0.173797711,34,-1.051853243,1.106395246,0.300745427,32,0.819517595
ENSG00000123066,-0.182060855,0.173822273,34,-1.047396582,1.097039599,0.302763791,32,0.819668493
ENSG00000160181,-0.1821411,0.173819646,34,-1.047874071,1.09804007,0.302547092,32,0.819668493
ENSG00000101680,-0.181781058,0.173831424,34,-1.045731855,1.093555114,0.303520139,32,0.819769767
ENSG00000128709,0.181488978,0.173840961,34,1.043994332,1.089924166,0.304310963,32,0.820073855
ENSG00000145824,-0.181159015,0.173851716,34,-1.042031793,1.085830258,0.305205924,32,0.82075672
ENSG00000171551,-0.18052993,0.173872164,34,-1.038291151,1.078048515,0.306916799,32,0.82075672
ENSG00000145087,-0.179397545,0.173908787,34,-1.031561132,1.06411837,0.310011667,32,0.820925217
ENSG00000174600,0.17923048,0.17391417,34,1.030568583,1.062071605,0.310469922,32,0.821067667
ENSG00000154252,0.178621362,0.173933753,34,1.026950545,1.054627422,0.312144313,32,0.821728323
ENSG00000155629,-0.178208108,0.173946999,34,-1.024496593,1.049593268,0.313283519,32,0.822437956
ENSG00000153093,-0.177516308,0.173969103,34,-1.02038986,1.041195466,0.315196405,32,0.823771122
ENSG00000182326,0.175637657,0.174028681,34,1.009245465,1.018576409,0.320427819,32,0.826447695
ENSG00000103044,0.17444014,0.174066316,34,1.002147597,1.004299806,0.323790531,32,0.828301358
ENSG00000198944,-0.173560655,0.174093787,34,-0.996937673,0.993884723,0.326274078,32,0.829932583
ENSG00000198885,0.173377156,0.174099501,34,0.995850963,0.99171914,0.326793738,32,0.830058867
ENSG00000175356,-0.172815103,0.174116963,34,-0.992523072,0.985102048,0.328388622,32,0.831112441
ENSG00000138152,-0.171416386,0.174160165,34,-0.984245655,0.968739509,0.33237845,32,0.832767379
ENSG00000184185,0.171089166,0.17417022,34,0.982310096,0.964933124,0.333316129,32,0.833080824
ENSG00000134757,0.170737838,0.174180993,34,0.980232311,0.960855383,0.334324697,32,0.834001563
ENSG00000157404,-0.169515422,0.174218301,34,-0.973005829,0.946740344,0.337848501,32,0.836456056
ENSG00000158458,0.168313938,0.1742547,34,0.965907593,0.932977478,0.341334015,32,0.838699303
ENSG00000129465,-0.167963836,0.174265257,34,-0.963840061,0.928987663,0.342353774,32,0.839254816
ENSG00000099337,-0.167910872,0.174266852,34,-0.963527318,0.928384892,0.342508205,32,0.839348846
ENSG00000197614,0.166457789,0.17431041,34,0.954950363,0.911930196,0.346761622,32,0.841120089
ENSG00000197635,0.164340727,0.174373174,34,0.94246565,0.888241501,0.353015627,32,0.844052159
ENSG00000154548,0.164011025,0.174382875,34,0.940522544,0.884582656,0.353995674,32,0.84489076
ENSG00000058085,-0.163783622,0.174389554,34,-0.939182527,0.882063819,0.354672588,32,0.845246329
ENSG00000150594,-0.161782878,0.174447906,34,-0.927399367,0.860069586,0.360661719,32,0.848352053
ENSG00000144837,-0.161007916,0.17447031,34,-0.922838481,0.851630862,0.362997666,32,0.849719021
ENSG00000175874,0.159572689,0.174511511,34,0.914396352,0.836120688,0.367347578,32,0.852072292
ENSG00000274391,-0.159511572,0.174513257,34,-0.91403699,0.835463619,0.367533496,32,0.852110071
ENSG00000077274,0.15624259,0.17460565,34,0.894831241,0.80072295,0.377558918,32,0.85290766
ENSG00000107954,-0.15736004,0.174574287,34,-0.901392995,0.812509331,0.374113985,32,0.85290766
ENSG00000139318,0.157880264,0.174559609,34,0.904449002,0.818027996,0.372516548,32,0.85290766
ENSG00000158825,-0.156862811,0.174588271,34,-0.898472793,0.807253361,0.375644574,32,0.85290766
ENSG00000196581,-0.157935629,0.174558043,34,-0.904774288,0.818616512,0.372346775,32,0.85290766
ENSG00000282815,0.157189012,0.174579102,34,0.900388476,0.810699408,0.374640035,32,0.85290766
ENSG00000089199,0.155122859,0.174636846,34,0.888259621,0.789005153,0.381029487,32,0.854249554
ENSG00000196091,-0.154922542,0.174642403,34,-0.887084345,0.786918634,0.381652324,32,0.854531098
ENSG00000197565,0.154505412,0.174653951,34,0.884637373,0.782583281,0.382951194,32,0.855431933
ENSG00000137491,0.152544393,0.17470781,34,0.873140086,0.762373609,0.389091942,32,0.859297511
ENSG00000204634,-0.152493462,0.1747092,34,-0.872841626,0.761852505,0.389252182,32,0.859424172
ENSG00000130487,-0.152241199,0.174716075,34,-0.871363435,0.759274235,0.390046429,32,0.859638569
ENSG00000104321,0.150154059,0.174772509,34,0.85914003,0.738121591,0.396653676,32,0.863688094
ENSG00000186529,-0.149674821,0.174785355,34,-0.856335023,0.733309672,0.398179823,32,0.864375736
ENSG00000132692,-0.147954943,0.174831109,34,-0.846273546,0.716178915,0.403684487,32,0.866089726
ENSG00000166426,-0.146510516,0.174869118,34,-0.83782956,0.701958372,0.408340868,32,0.868252908
ENSG00000116701,-0.146143304,0.17487872,34,-0.835683745,0.698367322,0.409529483,32,0.86914982
ENSG00000154783,-0.145896239,0.174885167,34,-0.834240212,0.695956732,0.4103303,32,0.869552149
ENSG00000211452,-0.1456311,0.174892072,34,-0.83269126,0.693374734,0.411190683,32,0.869837893
ENSG00000146151,-0.145255715,0.174901828,34,-0.830498557,0.689727853,0.41241056,32,0.870613108
ENSG00000175868,-0.145054864,0.174907037,34,-0.829325493,0.687780774,0.413064098,32,0.870960922
ENSG00000113448,0.143076098,0.174957962,34,0.817774149,0.668754558,0.419533849,32,0.873635937
ENSG00000181355,-0.142989006,0.174960187,34,-0.817265966,0.667923659,0.419819902,32,0.873957143
ENSG00000105550,-0.14297405,0.174960569,34,-0.8171787,0.667781027,0.419869036,32,0.873989849
ENSG00000108342,0.142540044,0.174971635,34,0.814646578,0.663649047,0.421296241,32,0.874824932
ENSG00000168824,0.14167481,0.174993593,34,0.80959998,0.655452127,0.424149584,32,0.876180106
ENSG00000177494,-0.141238248,0.175004621,34,-0.807054393,0.651336794,0.425593337,32,0.877188219
ENSG00000108515,0.141074099,0.175008759,34,0.806097364,0.649792959,0.426136902,32,0.877287004
ENSG00000257335,-0.141047373,0.175009432,34,-0.805941551,0.649541784,0.426225439,32,0.877287004
ENSG00000109466,0.140875296,0.175013763,34,0.804938387,0.647925806,0.426795734,32,0.877513598
ENSG00000118849,-0.140182223,0.175031153,34,-0.800898701,0.641438728,0.429096992,32,0.878460999
ENSG00000198920,0.138800018,0.175065573,34,0.792845877,0.628604584,0.433706869,32,0.880221224
ENSG00000116761,0.137769731,0.175091003,34,0.786846432,0.619127308,0.437160696,32,0.882104668
ENSG00000158292,-0.137626067,0.175094534,34,-0.78601007,0.61781183,0.437643497,32,0.882570911
ENSG00000163975,-0.134314027,0.17517489,34,-0.766742465,0.587894007,0.448854658,32,0.886809509
ENSG00000133067,-0.133821919,0.175186659,34,-0.763881906,0.583515566,0.450533563,32,0.887873917
ENSG00000078053,0.133365945,0.175197525,34,0.761231904,0.579474012,0.452092208,32,0.888510318
ENSG00000157399,0.133245979,0.175200377,34,0.760534774,0.578413142,0.452502767,32,0.889026666
ENSG00000173404,-0.133068902,0.175204583,34,-0.759505828,0.576849103,0.453109145,32,0.889282618
ENSG00000175426,0.131103748,0.175250874,34,0.748091832,0.559641388,0.459867785,32,0.892596182
ENSG00000133048,0.130995416,0.175253406,34,0.747462881,0.558700759,0.460241921,32,0.89272679
ENSG00000100109,-0.130763279,0.175258823,34,-0.746115238,0.556687948,0.461044176,32,0.893058823
ENSG00000126216,0.130660585,0.175261217,34,0.745519102,0.555798732,0.461399317,32,0.893317122
ENSG00000135506,-0.13050669,0.1752648,34,-0.744625788,0.554467565,0.461931799,32,0.893664569
ENSG00000162493,0.129750168,0.175282352,34,0.740235207,0.547948162,0.464554133,32,0.894939224
ENSG00000164488,0.129756403,0.175282208,34,0.740271385,0.548001724,0.46453249,32,0.894939224
ENSG00000171954,-0.12797894,0.17532304,34,-0.729960761,0.532842712,0.470724474,32,0.898037401
ENSG00000164220,0.126826963,0.175349198,34,0.723282252,0.523137216,0.474760553,32,0.899493383
ENSG00000058866,-0.122080249,0.175454447,34,-0.695794557,0.484130066,0.491580296,32,0.905863188
ENSG00000087494,0.121319555,0.175470935,34,0.691394022,0.478025693,0.494303791,32,0.905863188
ENSG00000152779,-0.12249429,0.175445429,34,-0.698190264,0.487469644,0.490101145,32,0.905863188
ENSG00000168309,0.122803028,0.175438684,34,0.699976914,0.489967681,0.488999671,32,0.905863188
ENSG00000136928,0.118219435,0.175537048,34,0.673472843,0.453565671,0.505482041,32,0.90599771
ENSG00000138131,-0.119449735,0.175511018,34,-0.680582542,0.463192597,0.501030779,32,0.90599771
ENSG00000140279,-0.118933789,0.175521967,34,-0.677600591,0.459142561,0.502895075,32,0.90599771
ENSG00000275410,0.117943729,0.175542843,34,0.671880022,0.451422763,0.506482263,32,0.90629845
ENSG00000061987,-0.115080117,0.175602229,34,-0.655345423,0.429477624,0.516929346,32,0.907268327
ENSG00000143194,0.116829023,0.175566136,34,0.66544167,0.442812616,0.510536348,32,0.907268327
ENSG00000162344,-0.115154383,0.175600707,34,-0.65577403,0.430039579,0.516657069,32,0.907268327
ENSG00000187699,0.114856862,0.175606796,34,0.654057042,0.427790614,0.517748271,32,0.907488753
ENSG00000173391,-0.114311553,0.175617915,34,-0.650910547,0.42368454,0.519751206,32,0.908319921
ENSG00000165092,0.114089023,0.175622437,34,0.649626693,0.42201484,0.520569659,32,0.908991774
ENSG00000169418,-0.113950662,0.175625244,34,-0.648828489,0.420978408,0.521078862,32,0.90929859
ENSG00000102854,-0.113774421,0.175628815,34,-0.647811815,0.419660148,0.521727823,32,0.909558128
ENSG00000182463,-0.11340716,0.175636238,34,-0.645693404,0.416919972,0.523081441,32,0.910413337
ENSG00000106948,-0.113130583,0.175641812,34,-0.644098246,0.414862551,0.524101957,32,0.910518689
ENSG00000262655,0.112058628,0.175663284,34,0.637917184,0.406938334,0.528066417,32,0.912269583
ENSG00000064300,-0.11189028,0.175666638,34,-0.636946672,0.405701063,0.528690343,32,0.912561973
ENSG00000073282,0.110332285,0.175697431,34,0.627967553,0.394343247,0.534481457,32,0.914369456
ENSG00000159648,-0.109809477,0.175707665,34,-0.62495553,0.390569415,0.536431557,32,0.915213503
ENSG00000161896,0.109582105,0.175712101,34,0.623645751,0.388934022,0.537280727,32,0.915590021
ENSG00000135636,-0.10695742,0.175762634,34,-0.608533326,0.370312809,0.547129498,32,0.918398992
ENSG00000019582,-0.106508465,0.175771153,34,-0.605949629,0.367174953,0.548822618,32,0.919274324
ENSG00000171234,0.10645345,0.175772195,34,0.605633046,0.366791387,0.549030264,32,0.919352222
ENSG00000206262,-0.106188692,0.175777199,34,-0.604109591,0.364948397,0.550030062,32,0.919856645
ENSG00000204619,0.105875846,0.175783097,34,0.602309595,0.362776848,0.551212554,32,0.920318772
ENSG00000114573,-0.105116002,0.175797347,34,-0.597938504,0.357530454,0.554089545,32,0.921305892
ENSG00000157087,0.105012342,0.175799283,34,0.59734227,0.356817787,0.554482574,32,0.9214928
ENSG00000126890,-0.104434294,0.175810043,34,-0.594017798,0.352857144,0.556676633,32,0.92230806
ENSG00000113205,-0.103774159,0.175822258,34,-0.590221966,0.348361969,0.559187185,32,0.922695912
ENSG00000145569,0.103763623,0.175822452,34,0.590161393,0.34829047,0.559227294,32,0.922695912
ENSG00000066379,0.103666527,0.175824242,34,0.58960315,0.347631875,0.559597012,32,0.922722842
ENSG00000123689,0.103673166,0.17582412,34,0.589641318,0.347676884,0.55957173,32,0.922722842
ENSG00000188060,-0.103512035,0.175827086,34,-0.588714955,0.346585298,0.560185512,32,0.922722842
ENSG00000242574,0.103241601,0.175832055,34,0.587160291,0.344757207,0.561216354,32,0.922875798
ENSG00000186642,-0.103145875,0.175833811,34,-0.586610017,0.344111312,0.561581451,32,0.923149998
ENSG00000198563,0.102791368,0.175840298,34,0.584572303,0.341724778,0.562934486,32,0.923873172
ENSG00000205362,0.102473891,0.175846089,34,0.582747627,0.339594796,0.564147461,32,0.924620182
ENSG00000148204,0.101505663,0.175863637,34,0.577183921,0.333141278,0.567854118,32,0.925537146
ENSG00000107807,-0.100190172,0.175887209,34,-0.569627392,0.324475365,0.572907908,32,0.926034601
ENSG00000162998,0.100980061,0.175873092,34,0.574164359,0.329664711,0.569870912,32,0.926034601
ENSG00000175899,0.099877716,0.175892762,34,0.567833007,0.322434324,0.574111265,32,0.926077198
ENSG00000075223,-0.099660448,0.175896613,34,-0.566585371,0.321018982,0.574948699,32,0.926172928
ENSG00000119125,0.098987019,0.175908496,34,0.562718804,0.316652453,0.577547836,32,0.927420637
ENSG00000060558,0.098894788,0.175910117,34,0.562189316,0.316056826,0.577904214,32,0.927541168
ENSG00000155850,-0.098605875,0.175915186,34,-0.560530774,0.314194749,0.579021211,32,0.928033593
ENSG00000117707,-0.098161856,0.175922946,34,-0.557982107,0.311344032,0.580739759,32,0.928773848
ENSG00000109182,-0.097509646,0.17593428,34,-0.554239035,0.307180908,0.583268213,32,0.929328101
ENSG00000123427,-0.096873026,0.17594527,34,-0.550586134,0.303145091,0.585740926,32,0.930358717
ENSG00000213654,0.096296318,0.175955163,34,0.547277594,0.299512765,0.587984926,32,0.931331587
ENSG00000157368,-0.096111262,0.175958325,34,-0.546216054,0.298351978,0.588705791,32,0.931838222
ENSG00000146733,-0.09583423,0.175963047,34,-0.544627024,0.296618595,0.58978566,32,0.93234639
ENSG00000157214,0.095583388,0.17596731,34,0.543188322,0.295053553,0.590764193,32,0.932673451
ENSG00000140254,-0.090973255,0.176043662,34,-0.516765294,0.267046369,0.608873357,32,0.935290725
ENSG00000073969,-0.089860509,0.176061521,34,-0.510392669,0.260500677,0.613279334,32,0.935702653
ENSG00000261594,0.089986191,0.176059515,34,0.511112342,0.261235826,0.612781021,32,0.935702653
ENSG00000125780,0.088513682,0.17608284,34,0.502682045,0.252689238,0.618630012,32,0.936952524
ENSG00000124102,-0.088027462,0.176090457,34,-0.499899105,0.249899115,0.620566428,32,0.937563231
ENSG00000112232,-0.087988368,0.176091067,34,-0.499675362,0.249675467,0.620722232,32,0.937602206
ENSG00000071909,0.087524577,0.17609829,34,0.497021162,0.247030036,0.622571849,32,0.938173879
ENSG00000069122,0.087505541,0.176098586,34,0.496912232,0.246921767,0.622647812,32,0.938182264
ENSG00000073737,-0.082455859,0.176174721,34,-0.468034566,0.219056355,0.642932094,32,0.938265159
ENSG00000109787,0.080985499,0.176196033,34,0.459632932,0.211262432,0.648887266,32,0.938265159
ENSG00000117472,0.084901148,0.176138422,34,0.482013787,0.23233729,0.633076673,32,0.938265159
ENSG00000120457,-0.085443779,0.176130222,34,-0.48511708,0.235338581,0.630897974,32,0.938265159
ENSG00000132854,-0.084494295,0.176144535,34,-0.479687288,0.230099895,0.634712206,32,0.938265159
ENSG00000133101,0.082344995,0.176176341,34,0.467400983,0.218463679,0.643380354,32,0.938265159
ENSG00000141469,0.080186512,0.176207453,34,0.455068788,0.207087602,0.652132299,32,0.938265159
ENSG00000143195,0.082679791,0.176171441,34,0.469314382,0.220255989,0.642027039,32,0.938265159
ENSG00000167772,0.080008646,0.176209979,34,0.454052868,0.206164007,0.652855544,32,0.938265159
ENSG00000170289,-0.082545429,0.17617341,34,-0.468546465,0.21953579,0.642570024,32,0.938265159
ENSG00000177098,-0.079414755,0.176218375,34,-0.450661035,0.203095369,0.655272703,32,0.938265159
ENSG00000178662,0.086032152,0.176121271,34,0.488482463,0.238615117,0.628539065,32,0.938265159
ENSG00000179242,0.084252304,0.176148158,34,0.478303636,0.228774369,0.635685803,32,0.938265159
ENSG00000183196,0.079369253,0.176219015,34,0.450401184,0.202861226,0.65545804,32,0.938265159
ENSG00000197959,-0.079689298,0.176214501,34,-0.452228945,0.204511019,0.654154874,32,0.938265159
ENSG00000198771,0.083984116,0.17615216,34,0.47677029,0.227309909,0.636765503,32,0.938265159
ENSG00000223865,-0.080999032,0.176195839,34,-0.459710244,0.211333509,0.648832358,32,0.938265159
ENSG00000068024,-0.077157849,0.176249704,34,-0.437775766,0.191647622,0.664489621,32,0.939466333
ENSG00000198759,0.07650612,0.176258583,34,0.43405614,0.188404733,0.667160291,32,0.940492552
ENSG00000120068,0.076321262,0.176261087,34,0.433001201,0.18749004,0.667918538,32,0.940551221
ENSG00000169515,0.076158901,0.176263282,34,0.432074678,0.186688528,0.668584777,32,0.940677425
ENSG00000196932,0.075872595,0.17626714,34,0.430440948,0.18527941,0.669760218,32,0.94113695
ENSG00000153162,-0.075673935,0.176269809,34,-0.429307412,0.184304854,0.670576276,32,0.941345681
ENSG00000269067,0.075576617,0.176271114,34,0.428752141,0.183828398,0.670976177,32,0.941506681
ENSG00000203837,0.075531787,0.176271714,34,0.428496357,0.183609128,0.671160423,32,0.941629586
ENSG00000197245,0.075438113,0.176272968,34,0.427961896,0.183151385,0.671545472,32,0.941638059
ENSG00000239713,-0.075467617,0.176272573,34,-0.42813023,0.183295494,0.671424187,32,0.941638059
ENSG00000129988,-0.074922509,0.176279839,34,-0.425020295,0.180642251,0.673666344,32,0.942008029
ENSG00000164749,0.073755856,0.176295213,34,0.418365619,0.175029791,0.678474331,32,0.943736396
ENSG00000137033,0.073682037,0.176296178,34,0.417944606,0.174677693,0.678778976,32,0.943805061
ENSG00000156510,0.072658482,0.176309453,34,0.412107696,0.169832753,0.683008212,32,0.945292608
ENSG00000131788,-0.072312971,0.176313892,34,-0.410137681,0.168212918,0.684437984,32,0.945866344
ENSG00000116774,-0.071917154,0.176318951,34,-0.40788102,0.166366926,0.686077253,32,0.94652585
ENSG00000134198,-0.071561768,0.17632347,34,-0.405855034,0.164718308,0.687550276,32,0.946897375
ENSG00000162511,0.07158567,0.176323167,34,0.405991293,0.16482893,0.687451168,32,0.946897375
ENSG00000141480,-0.071387316,0.17632568,34,-0.404860573,0.163912083,0.688273768,32,0.947147481
ENSG00000168412,0.069717125,0.176346562,34,0.395341559,0.156294948,0.6952141,32,0.950079939
ENSG00000164379,-0.069587659,0.17634816,34,-0.394603828,0.155712181,0.695753109,32,0.950128004
ENSG00000158246,-0.068795103,0.176357878,34,-0.390088062,0.152168696,0.699055969,32,0.951542131
ENSG00000137731,-0.068070591,0.176366663,34,-0.385960646,0.14896562,0.702080018,32,0.952178152
ENSG00000164128,-0.067522632,0.176373245,34,-0.382839425,0.146566025,0.704370142,32,0.95269547
ENSG00000165949,-0.066968158,0.176379852,34,-0.379681454,0.144158006,0.706690092,32,0.953199409
ENSG00000081181,0.065973823,0.176391561,34,0.374019154,0.139890327,0.710856946,32,0.95443434
ENSG00000171056,0.06602061,0.176391014,34,0.374285562,0.140089682,0.710660694,32,0.95443434
ENSG00000174564,0.065789867,0.176393709,34,0.372971734,0.139107915,0.711628734,32,0.954608611
ENSG00000164265,0.06514561,0.176401181,34,0.369303707,0.136385228,0.714333944,32,0.955267611
ENSG00000002587,0.065012432,0.176402716,34,0.368545526,0.135825805,0.714893581,32,0.955315253
ENSG00000185479,-0.064676613,0.176406574,34,-0.366633805,0.134420347,0.716305395,32,0.955664781
ENSG00000167105,-0.06370185,0.176417657,34,-0.361085453,0.130382705,0.720408617,32,0.957108299
ENSG00000145358,0.062737947,0.176428451,34,0.355599939,0.126451317,0.724473677,32,0.957701606
ENSG00000137648,0.062597706,0.176430008,34,0.354801922,0.125884404,0.725065732,32,0.957819957
ENSG00000137857,-0.062588995,0.176430105,34,-0.354752353,0.125849232,0.725102514,32,0.957819957
ENSG00000269028,-0.06256215,0.176430402,34,-0.354599602,0.125740877,0.725215863,32,0.957880596
ENSG00000156687,-0.062453436,0.176431606,34,-0.353980996,0.125302546,0.725674964,32,0.958235572
ENSG00000057149,-0.06227838,0.176433539,34,-0.352984929,0.12459836,0.726414416,32,0.958397951
ENSG00000178343,0.061562957,0.176441386,34,0.348914494,0.121741324,0.729438963,32,0.959272237
ENSG00000170373,0.061328717,0.176443935,34,0.347581896,0.120813175,0.730430115,32,0.95968385
ENSG00000028137,0.061134672,0.176446039,34,0.346478006,0.120047009,0.731251517,32,0.959911001
ENSG00000073146,0.058829262,0.176470529,34,0.33336593,0.111132844,0.741032627,32,0.960522456
ENSG00000081277,0.059776097,0.176460585,34,0.338750416,0.114751845,0.73701059,32,0.960522456
ENSG00000101443,-0.058276621,0.176476259,34,-0.330223574,0.109047609,0.743383304,32,0.960522456
ENSG00000132297,-0.057854959,0.176480594,34,-0.327826179,0.107470003,0.745178393,32,0.960522456
ENSG00000170044,-0.059811409,0.176460211,34,-0.338951251,0.11488795,0.736860719,32,0.960522456
ENSG00000183837,-0.058314773,0.176475865,34,-0.330440499,0.109190923,0.74322095,32,0.960522456
ENSG00000213626,0.057949023,0.17647963,34,0.328360974,0.107820929,0.74477783,32,0.960522456
ENSG00000235098,-0.060682184,0.17645092,34,-0.34390404,0.118269989,0.733168052,32,0.960522456
ENSG00000165071,0.05716743,0.176487596,34,0.32391755,0.104922579,0.748108147,32,0.960895876
ENSG00000196482,-0.056945103,0.176489842,34,-0.322653714,0.104105419,0.749056287,32,0.961450367
ENSG00000109819,0.05637054,0.176495606,34,0.319387782,0.102008555,0.751508253,32,0.961927866
ENSG00000144908,-0.055734121,0.176501922,34,-0.315770617,0.099711083,0.754226984,32,0.962501965
ENSG00000165152,0.05578892,0.176501381,34,0.316082061,0.099907869,0.75399277,32,0.962501965
ENSG00000108846,-0.054675665,0.176512267,34,-0.309755609,0.095948537,0.758755036,32,0.963707379
ENSG00000094963,-0.053279795,0.176525606,34,-0.30182474,0.091098174,0.76473858,32,0.965296159
ENSG00000196878,-0.053070637,0.176527575,34,-0.300636527,0.090382321,0.765636321,32,0.965439365
ENSG00000271447,-0.052061334,0.176536967,34,-0.294903301,0.086967957,0.769972609,32,0.966553152
ENSG00000038295,-0.051531178,0.176541827,34,-0.291892176,0.085201043,0.772253085,32,0.967385257
ENSG00000150527,-0.050807934,0.176548378,34,-0.287784769,0.082820073,0.775367153,32,0.967976526
ENSG00000175538,-0.05016333,0.176554138,34,-0.284124348,0.080726645,0.778145527,32,0.967976526
ENSG00000181577,0.050427192,0.176551789,34,0.285622661,0.081580305,0.777007899,32,0.967976526
ENSG00000204469,-0.050920552,0.176547364,34,-0.288424311,0.083188583,0.774882028,32,0.967976526
ENSG00000196739,0.049700158,0.176558232,34,0.281494423,0.07923911,0.780143562,32,0.968211914
ENSG00000150526,0.049436857,0.176560542,34,0.279999465,0.0783997,0.781280006,32,0.968535325
ENSG00000198286,-0.047433107,0.176577718,34,-0.268624532,0.072159139,0.789942916,32,0.970350356
ENSG00000275395,0.047134723,0.176580215,34,0.266930938,0.071252126,0.79123508,32,0.970780968
ENSG00000116962,0.045946765,0.17659,34,0.260188943,0.067698286,0.796384959,32,0.971090503
ENSG00000136014,0.046222754,0.176587749,34,0.261755159,0.068515763,0.795187765,32,0.971090503
ENSG00000205403,-0.046301313,0.176587106,34,-0.262200985,0.068749357,0.794847074,32,0.971090503
ENSG00000088826,-0.04351013,0.176609285,34,-0.246363776,0.06069511,0.806974181,32,0.971172646
ENSG00000158517,-0.044661293,0.176600305,34,-0.252894767,0.063955763,0.801967092,32,0.971172646
ENSG00000107562,-0.042610766,0.176616138,34,-0.241262022,0.058207363,0.810891306,32,0.97213812
ENSG00000143167,-0.041310047,0.176625794,34,-0.233884563,0.054701989,0.816564474,32,0.97223897
ENSG00000146477,0.040415305,0.176632263,34,0.228810436,0.052354216,0.820472283,32,0.97223897
ENSG00000204267,-0.040962101,0.176628327,34,-0.23191128,0.053782842,0.818083625,32,0.97223897
ENSG00000143226,-0.038705811,0.176644228,34,-0.219117326,0.048012402,0.827950284,32,0.972280341
ENSG00000125968,-0.037211844,0.17665426,34,-0.210647871,0.044372526,0.834497691,32,0.972765825
ENSG00000124785,0.036857106,0.176656584,34,0.208637034,0.043529412,0.836053977,32,0.973201945
ENSG00000065325,0.036552784,0.17665856,34,0.206912044,0.042812594,0.837389568,32,0.973530119
ENSG00000100351,0.036293653,0.176660229,34,0.205443257,0.042206932,0.838527179,32,0.973770276
ENSG00000150907,0.036074206,0.176661634,34,0.204199433,0.041697409,0.839490826,32,0.974069125
ENSG00000148677,0.035599345,0.176664644,34,0.201508032,0.040605487,0.84157684,32,0.974571186
ENSG00000114771,-0.035446051,0.176665607,34,-0.200639229,0.0402561,0.842250469,32,0.974741884
ENSG00000170442,0.035226609,0.176666979,34,0.199395548,0.039758584,0.843214972,32,0.975103577
ENSG00000110484,0.03384646,0.17667541,34,0.191574255,0.036700695,0.849286147,32,0.976592887
ENSG00000113389,-0.033678227,0.176676415,34,-0.190620955,0.036336349,0.850026782,32,0.97674638
ENSG00000078898,0.03168193,0.176687954,34,0.179310074,0.032152103,0.858824797,32,0.977383298
ENSG00000109610,0.030686598,0.176693443,34,0.173671404,0.030161757,0.863217702,32,0.977383298
ENSG00000115008,-0.025056169,0.176721195,34,-0.141783613,0.020102593,0.888139815,32,0.977383298
ENSG00000120341,0.030401581,0.176694983,34,0.172056846,0.029603558,0.864476375,32,0.977383298
ENSG00000131951,0.025285123,0.176720176,34,0.143080001,0.020471887,0.887124171,32,0.977383298
ENSG00000135925,-0.029274332,0.176700931,34,-0.165671636,0.027447091,0.869457639,32,0.977383298
ENSG00000164683,0.032603554,0.176682714,34,0.184531659,0.034051933,0.854760904,32,0.977383298
ENSG00000166664,-0.028153865,0.176706621,34,-0.159325465,0.025384604,0.874413829,32,0.977383298
ENSG00000167244,0.030968122,0.176691908,34,0.175266214,0.030718246,0.861974782,32,0.977383298
ENSG00000172348,0.025796751,0.176717866,34,0.145977041,0.021309296,0.884855216,32,0.977383298
ENSG00000184922,-0.025420817,0.176719568,34,-0.143848343,0.020692346,0.886522312,32,0.977383298
ENSG00000186832,-0.029059643,0.176702039,34,-0.164455619,0.02704565,0.870406907,32,0.977383298
ENSG00000189280,0.02515753,0.176720745,34,0.142357539,0.020265669,0.887690154,32,0.977383298
ENSG00000275591,-0.030880474,0.176692388,34,-0.174769689,0.030544444,0.862361712,32,0.977383298
ENSG00000159217,0.02434692,0.176724293,34,0.137767814,0.018979971,0.891287169,32,0.977417923
ENSG00000095303,-0.023025029,0.17672983,34,-0.130283771,0.016973861,0.897157486,32,0.978540532
ENSG00000130433,-0.022753452,0.176730929,34,-0.128746291,0.016575608,0.898364193,32,0.978647939
ENSG00000176907,0.021070923,0.176737448,34,0.11922161,0.014213792,0.905845113,32,0.979965411
ENSG00000122176,0.020602394,0.176739174,34,0.116569479,0.013588444,0.907929751,32,0.980388255
ENSG00000143368,-0.019237634,0.176743981,34,-0.108844635,0.011847155,0.914005394,32,0.980770827
ENSG00000184988,-0.019377065,0.176743505,34,-0.109633814,0.012019573,0.913384452,32,0.980770827
ENSG00000010438,-0.018901071,0.176745116,34,-0.106939706,0.011436101,0.915504459,32,0.98108173
ENSG00000142661,0.017446015,0.176749791,34,0.098704587,0.009742595,0.921988551,32,0.98235637
ENSG00000127903,-0.016543361,0.176752503,34,-0.09359619,0.008760247,0.926013514,32,0.983370552
ENSG00000075340,-0.016418477,0.176752867,34,-0.092889453,0.008628451,0.926570518,32,0.983402849
ENSG00000065675,0.016218906,0.176753443,34,0.091760059,0.008419908,0.927460712,32,0.983415895
ENSG00000109956,0.015817773,0.176754579,34,0.089490031,0.008008466,0.929250246,32,0.983831479
ENSG00000133083,-0.015629099,0.176755103,34,-0.088422336,0.007818509,0.930092074,32,0.984127721
ENSG00000082074,0.014804233,0.176757323,34,0.083754566,0.007014827,0.933773341,32,0.984680502
ENSG00000269096,-0.014537722,0.176758014,34,-0.082246466,0.006764481,0.934963035,32,0.984999985
ENSG00000118971,0.013513117,0.176760554,34,0.076448714,0.005844406,0.939538096,32,0.985898871
ENSG00000136167,-0.013412912,0.176760793,34,-0.075881715,0.005758035,0.939985635,32,0.986043397
ENSG00000145681,0.012592642,0.176762679,34,0.071240386,0.005075193,0.943649825,32,0.986531714
ENSG00000164167,0.011781934,0.176764425,34,0.066653308,0.004442664,0.947272413,32,0.987778493
ENSG00000165694,-0.011087727,0.176765829,34,-0.06272551,0.00393449,0.950375255,32,0.988324197
ENSG00000173988,-0.010903077,0.176766188,34,-0.061680784,0.003804519,0.951200691,32,0.988396098
ENSG00000175471,0.010782737,0.176766418,34,0.060999915,0.00372099,0.951738674,32,0.988396098
ENSG00000162670,-0.010390021,0.176767153,34,-0.058778007,0.003454854,0.953494456,32,0.989077813
ENSG00000101445,-0.010029551,0.176767804,34,-0.056738561,0.003219264,0.955106262,32,0.989472659
ENSG00000106538,0.007864855,0.176771228,34,0.044491712,0.001979512,0.964788943,32,0.99106076
ENSG00000206075,0.007689275,0.176771469,34,0.043498395,0.00189211,0.965574544,32,0.991350127
ENSG00000169435,-0.007318182,0.176771962,34,-0.041398996,0.001713877,0.967235045,32,0.991628034
ENSG00000170381,0.00640686,0.176773067,34,0.036243418,0.001313585,0.971313419,32,0.992327029
ENSG00000182583,-0.006190012,0.176773309,34,-0.035016668,0.001226167,0.972283972,32,0.992581299
ENSG00000187908,-0.006178529,0.176773321,34,-0.034951704,0.001221622,0.97233537,32,0.992581299
ENSG00000180353,0.005920104,0.176773597,34,0.033489753,0.001121564,0.973492064,32,0.993185493
ENSG00000023171,0.003114658,0.176775838,34,0.017619254,0.000310438,0.986051997,32,0.996914453
ENSG00000165935,0.002859021,0.176775973,34,0.016173129,0.00026157,0.987196692,32,0.996914453
ENSG00000109667,0.002839308,0.176775983,34,0.016061618,0.000257976,0.98728496,32,0.996919052
ENSG00000170370,-0.001877148,0.176776384,34,-0.010618769,0.000112758,0.991593534,32,0.997861075
ENSG00000103184,0.001590088,0.176776472,34,0.008994908,8.09E-05,0.992879043,32,0.998090295
ENSG00000062524,-0.000987683,0.176776609,34,-0.005587179,3.12E-05,0.995576786,32,0.998484306